"","y","black","female","v.prev.full","age","edu","age.edu","state","region.full"
"1",NA,0,1,0.566633343823751,1,3,3,7,1
"2",1,0,1,0.526566670163472,2,4,8,39,1
"3",0,0,1,0.564166665871938,4,2,14,31,1
"4",0,0,1,0.566633343823751,1,3,3,7,1
"5",1,0,1,0.52436664425532,2,2,6,33,1
"6",1,0,1,0.52436664425532,4,4,16,33,1
"7",1,0,0,0.526566670163472,2,2,6,39,1
"8",1,0,1,0.549599981244405,4,2,14,20,1
"9",0,0,0,0.52436664425532,3,4,12,33,1
"10",0,0,0,0.478700007629395,3,1,9,40,1
"11",0,0,1,0.564166665871938,2,4,8,31,1
"12",1,0,1,0.52436664425532,4,3,15,33,1
"13",1,0,1,0.52436664425532,2,4,8,33,1
"14",0,0,1,0.564166665871938,2,4,8,31,1
"15",0,0,1,0.489766651884715,2,4,8,22,1
"16",NA,1,1,0.566633343823751,1,2,2,7,1
"17",1,0,0,0.564166665871938,4,2,14,31,1
"18",1,0,0,0.526566670163472,4,1,13,39,1
"19",0,0,1,0.564166665871938,1,2,2,31,1
"20",0,0,0,0.52436664425532,2,3,7,33,1
"21",0,0,1,0.52436664425532,4,3,15,33,1
"22",0,0,0,0.566633343823751,1,2,2,7,1
"23",1,0,0,0.526566670163472,3,2,10,39,1
"24",0,0,0,0.52436664425532,2,4,8,33,1
"25",1,0,0,0.52436664425532,2,4,8,33,1
"26",0,0,1,0.489766651884715,3,4,12,22,1
"27",1,0,0,0.564166665871938,1,2,2,31,1
"28",1,0,1,0.564166665871938,3,4,12,31,1
"29",0,0,1,0.564166665871938,4,3,15,31,1
"30",0,0,0,0.489766651884715,2,1,5,22,1
"31",0,0,1,0.52436664425532,3,2,10,33,1
"32",0,0,0,0.594033358287811,4,1,13,44,3
"33",0,0,0,0.489766651884715,2,3,7,22,1
"34",0,0,0,0.526566670163472,2,4,8,39,1
"35",0,0,0,0.52436664425532,1,3,3,33,1
"36",0,0,1,0.61163329073588,2,2,6,10,3
"37",1,0,1,0.564166665871938,4,1,13,31,1
"38",1,0,1,0.539733344459534,3,2,10,4,3
"39",1,0,1,0.564166665871938,3,2,10,31,1
"40",0,0,0,0.594033358287811,3,4,12,44,3
"41",1,0,1,0.537000003655752,2,2,6,14,2
"42",1,0,0,0.572766618665059,3,4,12,41,3
"43",1,0,1,0.489766651884715,1,4,4,22,1
"44",1,0,0,0.61163329073588,1,1,1,10,3
"45",1,0,1,0.572766618665059,2,4,8,41,3
"46",1,0,0,0.526566670163472,1,3,3,39,1
"47",1,0,1,0.572766618665059,2,4,8,41,3
"48",1,0,0,0.584099987602234,3,2,10,19,3
"49",0,0,1,0.537000003655752,2,2,6,14,2
"50",NA,0,1,0.61163329073588,4,2,14,10,3
"51",0,0,1,0.608066638533274,2,4,8,47,3
"52",0,0,1,0.603233325068156,3,1,9,37,3
"53",0,0,1,0.489766651884715,1,4,4,22,1
"54",1,0,1,0.564166665871938,3,1,9,31,1
"55",0,0,1,0.523033343982697,2,3,7,11,3
"56",1,0,0,0.552200000635783,1,3,3,36,2
"57",1,0,0,0.505500021378199,2,2,6,24,2
"58",1,0,1,0.584099987602234,2,2,6,19,3
"59",1,0,0,0.566633343823751,2,3,7,7,1
"60",1,0,0,0.582999997297923,1,4,4,25,3
"61",0,1,1,0.152999997138977,2,4,8,9,5
"62",0,0,1,0.608066638533274,4,1,13,47,3
"63",0,0,0,0.602099974091848,4,1,13,17,2
"64",0,0,1,0.533566686375936,2,2,6,26,2
"65",0,0,1,0.493566658401489,2,2,6,49,1
"66",1,0,0,0.537000003655752,2,4,8,14,2
"67",0,0,1,0.529166691144307,2,3,7,18,3
"68",0,0,1,0.501166654507319,2,4,8,21,1
"69",NA,0,1,0.527833360989889,2,4,8,50,2
"70",1,0,1,0.603233325068156,3,4,12,37,3
"71",1,1,0,0.572766618665059,1,2,2,41,3
"72",1,0,1,0.523033343982697,1,3,3,11,3
"73",1,0,1,0.554300017801921,2,3,7,43,3
"74",0,0,0,0.537000003655752,3,4,12,14,2
"75",1,0,0,0.52436664425532,1,2,2,33,1
"76",1,0,0,0.582999997297923,1,2,2,25,3
"77",1,0,1,0.493566658401489,2,3,7,49,1
"78",1,0,1,0.584099987602234,2,4,8,19,3
"79",1,0,1,0.582999997297923,3,2,10,25,3
"80",NA,0,1,0.608066638533274,3,2,10,47,3
"81",NA,0,1,0.572766618665059,3,1,9,41,3
"82",1,0,0,0.594033358287811,2,4,8,44,3
"83",1,0,0,0.554300017801921,3,1,9,43,3
"84",1,0,0,0.608066638533274,2,3,7,47,3
"85",0,0,0,0.537000003655752,2,2,6,14,2
"86",NA,0,0,0.533566686375936,3,1,9,26,2
"87",1,0,1,0.584099987602234,4,2,14,19,3
"88",1,0,0,0.602099974091848,1,1,1,17,2
"89",1,0,1,0.571833309491475,3,1,9,34,3
"90",1,0,0,0.523033343982697,3,2,10,11,3
"91",1,0,1,0.594033358287811,1,4,4,44,3
"92",1,0,0,0.505500021378199,1,4,4,24,2
"93",1,1,1,0.61163329073588,1,2,2,10,3
"94",0,0,1,0.61163329073588,4,4,16,10,3
"95",1,0,1,0.537000003655752,1,2,2,14,2
"96",0,0,0,0.552200000635783,1,3,3,36,2
"97",0,0,0,0.572766618665059,1,2,2,41,3
"98",0,0,0,0.523033343982697,3,1,9,11,3
"99",0,1,1,0.594033358287811,3,3,11,44,3
"100",0,0,1,0.523033343982697,1,2,2,11,3
"101",1,0,0,0.61163329073588,2,3,7,10,3
"102",0,0,0,0.594033358287811,2,4,8,44,3
"103",0,0,1,0.537000003655752,2,4,8,14,2
"104",0,0,0,0.527833360989889,3,3,11,50,2
"105",0,1,1,0.594033358287811,4,2,14,44,3
"106",0,0,0,0.501166654507319,2,2,6,21,1
"107",1,0,0,0.501166654507319,3,4,12,21,1
"108",0,0,1,0.554300017801921,4,2,14,43,3
"109",0,0,1,0.529166691144307,1,2,2,18,3
"110",0,0,0,0.548066697978973,1,2,2,23,2
"111",1,0,1,0.533566686375936,2,2,6,26,2
"112",1,0,0,0.608066638533274,2,1,5,47,3
"113",1,0,1,0.584099987602234,2,3,7,19,3
"114",NA,0,1,0.505500021378199,1,2,2,24,2
"115",0,0,0,0.61163329073588,1,2,2,10,3
"116",1,0,0,0.571833309491475,3,4,12,34,3
"117",1,0,1,0.594033358287811,3,2,10,44,3
"118",0,1,0,0.61163329073588,2,2,6,10,3
"119",1,0,1,0.581833334445953,3,4,12,15,2
"120",NA,0,0,0.539733344459534,4,2,14,4,3
"121",1,0,0,0.582999997297923,1,3,3,25,3
"122",0,0,1,0.548066697978973,4,2,14,23,2
"123",0,0,1,0.594033358287811,1,3,3,44,3
"124",1,0,1,0.571833309491475,2,2,6,34,3
"125",1,0,1,0.571833309491475,1,1,1,34,3
"126",1,0,1,0.594033358287811,4,1,13,44,3
"127",1,0,1,0.608066638533274,1,3,3,47,3
"128",1,0,1,0.493566658401489,3,1,9,49,1
"129",1,0,0,0.529166691144307,2,1,5,18,3
"130",1,0,0,0.61163329073588,2,1,5,10,3
"131",0,1,1,0.548066697978973,2,2,6,23,2
"132",0,0,0,0.61163329073588,2,2,6,10,3
"133",0,0,0,0.505500021378199,4,1,13,24,2
"134",0,0,0,0.594033358287811,1,1,1,44,3
"135",1,0,1,0.537000003655752,3,4,12,14,2
"136",0,0,1,0.493566658401489,2,2,6,49,1
"137",NA,0,1,0.505500021378199,4,2,14,24,2
"138",0,1,0,0.61163329073588,2,2,6,10,3
"139",1,0,1,0.554300017801921,4,2,14,43,3
"140",1,0,1,0.613366670163472,2,3,7,3,4
"141",0,0,1,0.657366662693024,2,4,8,13,4
"142",0,0,1,0.594033358287811,3,4,12,44,3
"143",1,0,1,0.537000003655752,4,4,16,14,2
"144",1,0,1,0.594033358287811,4,4,16,44,3
"145",1,0,1,0.552200000635783,2,2,6,36,2
"146",1,0,1,0.582999997297923,2,4,8,25,3
"147",1,0,1,0.493566658401489,4,1,13,49,1
"148",0,0,1,0.608066638533274,3,4,12,47,3
"149",1,0,1,0.554433295345306,2,2,6,48,4
"150",1,0,0,0.61163329073588,3,4,12,10,3
"151",0,0,1,0.524800026067098,1,4,4,16,2
"152",0,0,0,0.572766618665059,1,3,3,41,3
"153",1,0,0,0.594033358287811,4,4,16,44,3
"154",1,0,0,0.552200000635783,1,3,3,36,2
"155",1,0,1,0.505500021378199,1,3,3,24,2
"156",1,0,1,0.554433295345306,3,1,9,48,4
"157",1,0,1,0.552200000635783,1,3,3,36,2
"158",1,0,1,0.537000003655752,3,3,11,14,2
"159",1,0,0,0.61163329073588,1,3,3,10,3
"160",1,0,1,0.665466688283284,4,1,13,28,2
"161",1,0,0,0.543666702906291,2,4,8,5,4
"162",0,0,0,0.505500021378199,3,2,10,24,2
"163",0,0,0,0.534600032583872,2,2,6,8,1
"164",0,0,1,0.543666702906291,2,3,7,5,4
"165",0,0,1,0.548066697978973,2,2,6,23,2
"166",0,0,1,0.665466688283284,1,2,2,28,2
"167",1,0,0,0.614366671593984,2,4,8,35,2
"168",0,0,1,0.543666702906291,1,3,3,5,4
"169",0,0,1,0.613366670163472,3,1,9,3,4
"170",1,0,0,0.61163329073588,2,4,8,10,3
"171",1,0,0,0.554433295345306,1,2,2,48,4
"172",1,0,1,0.665466688283284,1,4,4,28,2
"173",1,0,0,0.594033358287811,3,4,12,44,3
"174",0,0,0,0.548066697978973,1,3,3,23,2
"175",1,0,1,0.537000003655752,1,2,2,14,2
"176",0,0,1,0.533566686375936,2,2,6,26,2
"177",1,0,1,0.548066697978973,1,4,4,23,2
"178",0,0,1,0.529166691144307,3,2,10,18,3
"179",1,0,1,0.602099974091848,2,2,6,17,2
"180",0,1,1,0.537000003655752,2,3,7,14,2
"181",0,0,1,0.548066697978973,3,4,12,23,2
"182",1,0,0,0.543666702906291,3,2,10,5,4
"183",0,0,0,0.537000003655752,1,2,2,14,2
"184",0,0,1,0.543666702906291,3,2,10,5,4
"185",0,0,1,0.543666702906291,2,3,7,5,4
"186",0,0,1,0.537000003655752,3,3,11,14,2
"187",1,0,0,0.543666702906291,4,3,15,5,4
"188",0,0,1,0.547800015417735,3,4,12,32,4
"189",NA,0,1,0.505500021378199,4,2,14,24,2
"190",1,0,1,0.552200000635783,2,3,7,36,2
"191",0,0,1,0.543666702906291,3,3,11,5,4
"192",0,0,1,0.554433295345306,4,2,14,48,4
"193",NA,0,1,0.527833360989889,1,2,2,50,2
"194",NA,0,0,0.543666702906291,2,4,8,5,4
"195",0,0,0,0.602099974091848,2,4,8,17,2
"196",0,0,1,0.554433295345306,1,3,3,48,4
"197",1,0,1,0.554433295345306,3,3,11,48,4
"198",0,0,0,0.543666702906291,2,4,8,5,4
"199",1,0,0,0.543666702906291,3,3,11,5,4
"200",1,0,0,0.543666702906291,1,2,2,5,4
"201",0,0,1,0.547800015417735,2,3,7,32,4
"202",0,0,0,0.544333343505859,2,4,8,38,4
"203",0,0,1,0.552200000635783,3,2,10,36,2
"204",1,0,0,0.543666702906291,2,4,8,5,4
"205",1,0,0,0.527833360989889,2,3,7,50,2
"206",0,0,0,0.543666702906291,4,2,14,5,4
"207",1,0,0,0.547800015417735,3,2,10,32,4
"208",1,0,1,0.543666702906291,4,2,14,5,4
"209",1,0,1,0.554433295345306,4,3,15,48,4
"210",0,0,0,0.543666702906291,2,3,7,5,4
"211",1,0,0,0.543666702906291,3,4,12,5,4
"212",1,0,0,0.692699998092651,3,4,12,45,4
"213",1,0,1,0.692699998092651,1,3,3,45,4
"214",1,0,1,0.543666702906291,3,2,10,5,4
"215",1,1,1,0.594033358287811,2,4,8,44,3
"216",1,0,1,0.543666702906291,2,3,7,5,4
"217",0,0,0,0.489766651884715,2,4,8,22,1
"218",0,0,0,0.564166665871938,2,2,6,31,1
"219",0,0,1,0.564166665871938,1,4,4,31,1
"220",1,0,1,0.554300017801921,2,3,7,43,3
"221",1,0,0,0.61163329073588,2,4,8,10,3
"222",0,0,1,0.543666702906291,3,2,10,5,4
"223",0,0,1,0.552200000635783,4,3,15,36,2
"224",1,0,1,0.543666702906291,2,2,6,5,4
"225",1,0,0,0.52436664425532,1,1,1,33,1
"226",1,0,0,0.552200000635783,1,2,2,36,2
"227",1,0,1,0.543666702906291,2,3,7,5,4
"228",0,1,0,0.537000003655752,1,4,4,14,2
"229",0,0,0,0.572766618665059,1,2,2,41,3
"230",0,0,1,0.554433295345306,3,3,11,48,4
"231",1,0,0,0.543666702906291,2,4,8,5,4
"232",1,0,1,0.548066697978973,3,4,12,23,2
"233",0,0,0,0.52436664425532,1,4,4,33,1
"234",1,0,1,0.527833360989889,2,4,8,50,2
"235",0,0,1,0.552200000635783,2,2,6,36,2
"236",0,0,1,0.552200000635783,1,2,2,36,2
"237",0,0,0,0.52436664425532,3,4,12,33,1
"238",1,0,1,0.608066638533274,3,3,11,47,3
"239",0,0,1,0.478700007629395,2,3,7,40,1
"240",1,0,1,0.537000003655752,2,4,8,14,2
"241",1,0,1,0.552200000635783,1,2,2,36,2
"242",1,0,0,0.543666702906291,2,2,6,5,4
"243",0,0,1,0.489766651884715,3,4,12,22,1
"244",1,0,1,0.543666702906291,1,2,2,5,4
"245",1,0,0,0.544333343505859,2,2,6,38,4
"246",NA,0,0,0.523033343982697,2,3,7,11,3
"247",0,0,1,0.478700007629395,4,1,13,40,1
"248",1,0,0,0.613366670163472,3,2,10,3,4
"249",1,0,1,0.527833360989889,1,4,4,50,2
"250",NA,0,1,0.505500021378199,4,2,14,24,2
"251",1,0,0,0.692699998092651,2,4,8,45,4
"252",1,0,0,0.505500021378199,1,2,2,24,2
"253",1,0,0,0.552200000635783,4,2,14,36,2
"254",0,0,1,0.524800026067098,3,2,10,16,2
"255",0,0,0,0.549599981244405,1,4,4,20,1
"256",0,0,0,0.594033358287811,1,4,4,44,3
"257",1,0,1,0.547800015417735,2,3,7,32,4
"258",1,0,1,0.527833360989889,2,2,6,50,2
"259",0,0,1,0.613366670163472,3,2,10,3,4
"260",0,0,1,0.548066697978973,3,2,10,23,2
"261",0,0,1,0.505500021378199,2,3,7,24,2
"262",NA,0,0,0.543666702906291,1,3,3,5,4
"263",1,0,0,0.489766651884715,3,4,12,22,1
"264",1,0,1,0.584566701952616,2,3,7,6,4
"265",1,0,1,0.564166665871938,2,4,8,31,1
"266",1,0,0,0.608066638533274,1,3,3,47,3
"267",1,0,1,0.505500021378199,1,3,3,24,2
"268",1,0,1,0.501166654507319,1,3,3,21,1
"269",1,0,0,0.493566658401489,3,2,10,49,1
"270",1,0,0,0.548066697978973,2,2,6,23,2
"271",0,0,1,0.584566701952616,2,4,8,6,4
"272",0,0,1,0.564166665871938,3,2,10,31,1
"273",1,0,1,0.554433295345306,1,3,3,48,4
"274",1,0,1,0.602099974091848,1,3,3,17,2
"275",1,0,0,0.603233325068156,1,3,3,37,3
"276",1,0,1,0.552200000635783,3,2,10,36,2
"277",1,0,1,0.552200000635783,3,4,12,36,2
"278",0,0,0,0.543666702906291,2,4,8,5,4
"279",0,1,0,0.52436664425532,2,4,8,33,1
"280",0,1,0,0.554300017801921,1,3,3,43,3
"281",0,1,0,0.584099987602234,1,2,2,19,3
"282",0,0,0,0.533566686375936,1,4,4,26,2
"283",1,0,0,0.554300017801921,3,2,10,43,3
"284",0,1,0,0.584099987602234,2,3,7,19,3
"285",1,0,0,0.564166665871938,1,3,3,31,1
"286",0,0,1,0.61163329073588,4,2,14,10,3
"287",1,0,0,0.526566670163472,3,4,12,39,1
"288",0,0,1,0.554300017801921,2,4,8,43,3
"289",1,0,1,0.489766651884715,1,2,2,22,1
"290",0,0,1,0.548066697978973,2,4,8,23,2
"291",1,0,1,0.523033343982697,3,2,10,11,3
"292",0,0,1,0.537000003655752,3,1,9,14,2
"293",1,1,0,0.572766618665059,1,2,2,41,3
"294",1,0,1,0.571833309491475,3,3,11,34,3
"295",0,0,0,0.537000003655752,1,2,2,14,2
"296",0,0,0,0.493566658401489,2,3,7,49,1
"297",0,0,0,0.61163329073588,1,1,1,10,3
"298",0,0,0,0.548066697978973,3,4,12,23,2
"299",0,0,1,0.489766651884715,2,2,6,22,1
"300",0,0,0,0.527833360989889,1,4,4,50,2
"301",0,0,0,0.52436664425532,2,2,6,33,1
"302",0,0,1,0.554300017801921,3,2,10,43,3
"303",0,0,0,0.539733344459534,4,2,14,4,3
"304",1,0,1,0.552200000635783,2,2,6,36,2
"305",0,1,1,0.523033343982697,3,1,9,11,3
"306",0,0,1,0.548066697978973,2,2,6,23,2
"307",1,0,1,0.61163329073588,3,3,11,10,3
"308",0,0,1,0.489766651884715,1,3,3,22,1
"309",0,0,1,0.526566670163472,4,4,16,39,1
"310",1,0,0,0.489766651884715,4,3,15,22,1
"311",1,0,0,0.603233325068156,1,3,3,37,3
"312",1,0,1,0.537000003655752,2,3,7,14,2
"313",0,0,0,0.537000003655752,4,2,14,14,2
"314",0,0,1,0.505500021378199,1,3,3,24,2
"315",0,0,0,0.526566670163472,2,2,6,39,1
"316",1,0,0,0.548066697978973,3,3,11,23,2
"317",0,0,0,0.61163329073588,3,3,11,10,3
"318",1,0,1,0.523033343982697,2,4,8,11,3
"319",0,0,0,0.548066697978973,2,3,7,23,2
"320",0,0,1,0.526566670163472,1,2,2,39,1
"321",0,0,1,0.523033343982697,2,2,6,11,3
"322",0,0,0,0.489766651884715,2,4,8,22,1
"323",0,0,0,0.608066638533274,1,2,2,47,3
"324",0,0,0,0.489766651884715,1,2,2,22,1
"325",0,0,1,0.52436664425532,1,2,2,33,1
"326",0,0,0,0.537000003655752,1,1,1,14,2
"327",0,0,1,0.533566686375936,3,2,10,26,2
"328",1,0,1,0.665466688283284,3,3,11,28,2
"329",1,0,0,0.548066697978973,1,2,2,23,2
"330",1,0,0,0.564166665871938,2,4,8,31,1
"331",1,0,1,0.599733334604899,2,3,7,42,2
"332",0,0,0,0.564166665871938,4,2,14,31,1
"333",1,0,1,0.594033358287811,4,1,13,44,3
"334",1,1,0,0.571833309491475,2,3,7,34,3
"335",1,0,0,0.523033343982697,1,3,3,11,3
"336",0,0,0,0.537000003655752,2,2,6,14,2
"337",0,1,0,0.52436664425532,1,2,2,33,1
"338",1,0,1,0.554300017801921,4,4,16,43,3
"339",1,0,1,0.581833334445953,4,1,13,15,2
"340",0,0,1,0.581833334445953,2,3,7,15,2
"341",0,0,0,0.564166665871938,4,2,14,31,1
"342",0,0,1,0.489766651884715,2,4,8,22,1
"343",1,0,1,0.533566686375936,3,2,10,26,2
"344",1,1,1,0.565133328723908,2,1,5,1,3
"345",1,0,0,0.493566658401489,2,2,6,49,1
"346",0,0,1,0.537000003655752,3,2,10,14,2
"347",1,0,1,0.52436664425532,1,2,2,33,1
"348",0,0,0,0.52436664425532,4,2,14,33,1
"349",1,0,0,0.564166665871938,2,4,8,31,1
"350",0,0,0,0.608066638533274,2,4,8,47,3
"351",1,0,0,0.552200000635783,3,3,11,36,2
"352",1,0,0,0.52436664425532,3,1,9,33,1
"353",0,0,1,0.52436664425532,2,3,7,33,1
"354",0,0,0,0.632033331902822,2,2,6,30,1
"355",0,0,1,0.489766651884715,1,2,2,22,1
"356",1,0,1,0.594033358287811,3,4,12,44,3
"357",NA,0,0,0.565133328723908,2,4,8,1,3
"358",NA,0,0,0.52436664425532,4,1,13,33,1
"359",1,0,0,0.582999997297923,2,3,7,25,3
"360",1,0,1,0.52436664425532,2,4,8,33,1
"361",1,0,1,0.548066697978973,3,2,10,23,2
"362",0,0,1,0.548066697978973,3,2,10,23,2
"363",1,0,0,0.572766618665059,3,4,12,41,3
"364",1,0,1,0.505500021378199,3,3,11,24,2
"365",1,0,0,0.478700007629395,2,2,6,40,1
"366",0,0,1,0.594033358287811,3,2,10,44,3
"367",0,0,0,0.489766651884715,2,2,6,22,1
"368",0,0,1,0.505500021378199,4,1,13,24,2
"369",1,0,0,0.559299989509582,2,2,6,46,1
"370",0,0,1,0.564166665871938,2,3,7,31,1
"371",0,0,1,0.52436664425532,2,3,7,33,1
"372",1,0,0,0.594033358287811,1,2,2,44,3
"373",1,0,0,0.552200000635783,2,3,7,36,2
"374",0,0,1,0.571833309491475,3,2,10,34,3
"375",1,0,1,0.572766618665059,2,4,8,41,3
"376",0,0,1,0.584099987602234,2,2,6,19,3
"377",1,0,0,0.564166665871938,1,4,4,31,1
"378",1,0,1,0.584099987602234,1,2,2,19,3
"379",1,1,1,0.608066638533274,1,2,2,47,3
"380",NA,0,0,0.548066697978973,2,4,8,23,2
"381",1,0,1,0.564166665871938,2,2,6,31,1
"382",0,0,1,0.478700007629395,2,4,8,40,1
"383",1,0,0,0.572766618665059,3,2,10,41,3
"384",1,0,0,0.61163329073588,1,4,4,10,3
"385",0,1,1,0.537000003655752,1,4,4,14,2
"386",0,0,1,0.489766651884715,3,2,10,22,1
"387",0,0,0,0.564166665871938,3,4,12,31,1
"388",0,0,0,0.61163329073588,3,2,10,10,3
"389",1,0,1,0.594033358287811,3,3,11,44,3
"390",1,0,1,0.526566670163472,1,2,2,39,1
"391",1,0,1,0.493566658401489,1,1,1,49,1
"392",1,0,1,0.523033343982697,2,2,6,11,3
"393",0,0,0,0.52436664425532,3,4,12,33,1
"394",0,0,0,0.61163329073588,1,3,3,10,3
"395",1,0,1,0.523033343982697,2,3,7,11,3
"396",1,0,0,0.571833309491475,2,2,6,34,3
"397",1,0,0,0.571833309491475,4,1,13,34,3
"398",1,0,0,0.533566686375936,2,3,7,26,2
"399",1,0,1,0.548066697978973,3,2,10,23,2
"400",1,0,0,0.52436664425532,2,4,8,33,1
"401",1,0,1,0.501166654507319,1,3,3,21,1
"402",1,0,0,0.608066638533274,1,4,4,47,3
"403",1,0,1,0.523033343982697,3,4,12,11,3
"404",NA,0,0,0.61163329073588,2,4,8,10,3
"405",1,0,1,0.608066638533274,2,2,6,47,3
"406",1,0,1,0.602099974091848,2,3,7,17,2
"407",1,0,0,0.489766651884715,2,4,8,22,1
"408",1,0,0,0.52436664425532,2,4,8,33,1
"409",1,1,0,0.61163329073588,2,1,5,10,3
"410",1,0,0,0.594033358287811,4,2,14,44,3
"411",1,1,1,0.52436664425532,1,4,4,33,1
"412",1,0,1,0.582999997297923,3,2,10,25,3
"413",1,0,0,0.548066697978973,2,2,6,23,2
"414",1,0,0,0.584099987602234,1,2,2,19,3
"415",0,1,0,0.501166654507319,1,2,2,21,1
"416",0,0,0,0.493566658401489,3,2,10,49,1
"417",0,0,1,0.572766618665059,4,2,14,41,3
"418",1,0,1,0.493566658401489,2,2,6,49,1
"419",NA,0,1,0.526566670163472,3,3,11,39,1
"420",NA,0,1,0.584099987602234,4,1,13,19,3
"421",0,0,1,0.52436664425532,2,4,8,33,1
"422",0,0,0,0.526566670163472,4,4,16,39,1
"423",0,1,1,0.523033343982697,3,2,10,11,3
"424",1,0,1,0.526566670163472,4,2,14,39,1
"425",1,0,0,0.61163329073588,1,2,2,10,3
"426",1,0,1,0.61163329073588,2,2,6,10,3
"427",NA,0,0,0.505500021378199,2,4,8,24,2
"428",0,0,1,0.501166654507319,3,2,10,21,1
"429",1,0,1,0.594033358287811,3,4,12,44,3
"430",1,0,1,0.594033358287811,2,4,8,44,3
"431",NA,0,0,0.505500021378199,2,4,8,24,2
"432",1,0,1,0.52436664425532,3,2,10,33,1
"433",1,0,0,0.594033358287811,4,4,16,44,3
"434",1,0,1,0.529166691144307,2,2,6,18,3
"435",1,0,1,0.594033358287811,4,4,16,44,3
"436",1,0,1,0.554300017801921,2,4,8,43,3
"437",NA,0,1,0.52436664425532,3,2,10,33,1
"438",1,0,1,0.52436664425532,3,4,12,33,1
"439",1,0,1,0.594033358287811,1,2,2,44,3
"440",1,0,0,0.571833309491475,1,2,2,34,3
"441",1,0,0,0.564166665871938,1,3,3,31,1
"442",1,0,1,0.543666702906291,4,2,14,5,4
"443",1,0,1,0.571833309491475,2,4,8,34,3
"444",1,0,0,0.564166665871938,2,1,5,31,1
"445",0,0,1,0.537000003655752,4,1,13,14,2
"446",1,0,1,0.529166691144307,3,2,10,18,3
"447",NA,0,1,0.61163329073588,1,2,2,10,3
"448",NA,0,1,0.539733344459534,4,3,15,4,3
"449",0,0,1,0.489766651884715,1,4,4,22,1
"450",1,0,1,0.554300017801921,3,2,10,43,3
"451",1,0,1,0.584566701952616,1,4,4,6,4
"452",NA,0,0,0.594033358287811,4,4,16,44,3
"453",0,0,1,0.537000003655752,2,4,8,14,2
"454",1,0,1,0.564166665871938,2,3,7,31,1
"455",1,0,0,0.526566670163472,1,2,2,39,1
"456",0,0,0,0.61163329073588,3,4,12,10,3
"457",0,0,1,0.571833309491475,2,1,5,34,3
"458",1,0,0,0.61163329073588,4,2,14,10,3
"459",0,0,1,0.526566670163472,2,3,7,39,1
"460",0,0,0,0.581833334445953,3,2,10,15,2
"461",1,0,1,0.489766651884715,2,3,7,22,1
"462",1,0,0,0.594033358287811,2,4,8,44,3
"463",1,0,1,0.537000003655752,2,3,7,14,2
"464",1,0,0,0.61163329073588,4,2,14,10,3
"465",1,0,1,0.594033358287811,1,4,4,44,3
"466",1,0,0,0.608066638533274,1,3,3,47,3
"467",1,0,0,0.529166691144307,1,3,3,18,3
"468",1,0,1,0.594033358287811,1,3,3,44,3
"469",0,0,1,0.478700007629395,2,3,7,40,1
"470",0,0,0,0.603233325068156,2,3,7,37,3
"471",0,0,1,0.552200000635783,2,2,6,36,2
"472",1,0,0,0.529166691144307,3,3,11,18,3
"473",NA,0,1,0.554300017801921,3,1,9,43,3
"474",0,0,0,0.526566670163472,4,2,14,39,1
"475",1,0,0,0.52436664425532,2,2,6,33,1
"476",1,0,1,0.554300017801921,1,3,3,43,3
"477",0,0,1,0.505500021378199,2,2,6,24,2
"478",0,0,1,0.61163329073588,1,1,1,10,3
"479",1,0,1,0.552200000635783,1,4,4,36,2
"480",1,0,1,0.537000003655752,3,2,10,14,2
"481",1,0,1,0.61163329073588,2,4,8,10,3
"482",1,0,1,0.61163329073588,2,4,8,10,3
"483",1,0,1,0.523033343982697,1,2,2,11,3
"484",1,0,0,0.61163329073588,4,1,13,10,3
"485",1,0,1,0.52436664425532,3,3,11,33,1
"486",0,0,1,0.526566670163472,1,2,2,39,1
"487",1,0,1,0.602099974091848,3,2,10,17,2
"488",0,0,1,0.533566686375936,2,4,8,26,2
"489",1,0,1,0.608066638533274,2,2,6,47,3
"490",1,0,1,0.61163329073588,2,3,7,10,3
"491",0,0,1,0.527833360989889,1,3,3,50,2
"492",1,0,0,0.523033343982697,2,4,8,11,3
"493",1,0,1,0.529166691144307,2,2,6,18,3
"494",1,0,1,0.527833360989889,2,2,6,50,2
"495",1,0,0,0.52436664425532,1,2,2,33,1
"496",1,0,1,0.665466688283284,3,4,12,28,2
"497",1,0,0,0.554300017801921,3,2,10,43,3
"498",0,0,0,0.505500021378199,3,2,10,24,2
"499",0,0,0,0.584099987602234,2,3,7,19,3
"500",1,0,1,0.564166665871938,1,4,4,31,1
"501",1,0,1,0.52436664425532,2,3,7,33,1
"502",0,0,0,0.533566686375936,4,3,15,26,2
"503",1,0,1,0.548066697978973,2,3,7,23,2
"504",1,0,0,0.537000003655752,2,3,7,14,2
"505",1,0,1,0.554300017801921,1,4,4,43,3
"506",1,0,1,0.594033358287811,2,2,6,44,3
"507",1,0,0,0.529166691144307,3,1,9,18,3
"508",1,0,1,0.539733344459534,1,2,2,4,3
"509",1,0,1,0.537000003655752,1,2,2,14,2
"510",1,0,1,0.533566686375936,2,4,8,26,2
"511",1,0,0,0.565133328723908,2,2,6,1,3
"512",1,0,0,0.692699998092651,1,4,4,45,4
"513",1,0,1,0.602099974091848,2,2,6,17,2
"514",1,0,0,0.594033358287811,1,4,4,44,3
"515",0,0,1,0.582999997297923,2,1,5,25,3
"516",1,0,0,0.613366670163472,3,3,11,3,4
"517",1,0,1,0.594033358287811,2,2,6,44,3
"518",1,0,1,0.543666702906291,2,4,8,5,4
"519",1,0,1,0.554300017801921,1,4,4,43,3
"520",0,1,0,0.582999997297923,2,2,6,25,3
"521",1,0,0,0.613366670163472,1,4,4,3,4
"522",0,0,1,0.527833360989889,2,4,8,50,2
"523",1,0,0,0.594033358287811,1,2,2,44,3
"524",1,0,0,0.554300017801921,4,2,14,43,3
"525",NA,0,1,0.543666702906291,2,3,7,5,4
"526",0,0,1,0.527833360989889,2,2,6,50,2
"527",0,0,0,0.543666702906291,1,4,4,5,4
"528",0,0,1,0.584566701952616,2,2,6,6,4
"529",0,0,0,0.543666702906291,2,4,8,5,4
"530",1,0,0,0.543666702906291,3,3,11,5,4
"531",1,0,1,0.543666702906291,1,2,2,5,4
"532",0,0,0,0.543666702906291,1,4,4,5,4
"533",0,0,1,0.554433295345306,1,1,1,48,4
"534",1,0,0,0.554433295345306,1,4,4,48,4
"535",1,0,0,0.633833340326945,2,3,7,51,4
"536",1,0,0,0.543666702906291,1,4,4,5,4
"537",1,0,0,0.547800015417735,2,4,8,32,4
"538",1,0,1,0.543666702906291,1,2,2,5,4
"539",1,0,0,0.543666702906291,2,4,8,5,4
"540",1,0,0,0.543666702906291,2,4,8,5,4
"541",0,1,0,0.543666702906291,3,4,12,5,4
"542",0,0,1,0.543666702906291,4,4,16,5,4
"543",0,1,0,0.543666702906291,4,1,13,5,4
"544",0,0,0,0.554433295345306,3,4,12,48,4
"545",1,0,0,0.544333343505859,3,2,10,38,4
"546",0,0,1,0.554433295345306,1,2,2,48,4
"547",0,1,1,0.52436664425532,2,2,6,33,1
"548",1,0,1,0.52436664425532,3,2,10,33,1
"549",0,0,1,0.526566670163472,3,2,10,39,1
"550",NA,0,0,0.526566670163472,3,2,10,39,1
"551",1,0,1,0.526566670163472,3,3,11,39,1
"552",1,0,1,0.52436664425532,3,3,11,33,1
"553",1,0,1,0.489766651884715,2,4,8,22,1
"554",0,0,1,0.52436664425532,2,4,8,33,1
"555",NA,0,1,0.489766651884715,1,2,2,22,1
"556",0,0,0,0.52436664425532,3,4,12,33,1
"557",0,1,1,0.52436664425532,1,2,2,33,1
"558",0,0,1,0.52436664425532,2,2,6,33,1
"559",1,0,0,0.52436664425532,1,4,4,33,1
"560",1,0,0,0.52436664425532,3,1,9,33,1
"561",1,0,0,0.52436664425532,2,4,8,33,1
"562",0,0,1,0.526566670163472,2,4,8,39,1
"563",1,0,1,0.566633343823751,4,1,13,7,1
"564",1,0,1,0.478700007629395,1,2,2,40,1
"565",0,0,1,0.52436664425532,3,4,12,33,1
"566",1,0,1,0.489766651884715,2,3,7,22,1
"567",1,0,1,0.52436664425532,2,3,7,33,1
"568",1,0,0,0.564166665871938,3,4,12,31,1
"569",0,0,1,0.527833360989889,3,3,11,50,2
"570",0,0,0,0.52436664425532,2,4,8,33,1
"571",0,0,1,0.548066697978973,2,3,7,23,2
"572",0,0,1,0.564166665871938,3,2,10,31,1
"573",1,0,1,0.526566670163472,4,2,14,39,1
"574",1,0,0,0.52436664425532,2,3,7,33,1
"575",1,0,1,0.581833334445953,3,2,10,15,2
"576",1,0,1,0.533566686375936,1,2,2,26,2
"577",0,0,1,0.52436664425532,2,3,7,33,1
"578",1,0,1,0.564166665871938,1,2,2,31,1
"579",1,0,1,0.526566670163472,2,2,6,39,1
"580",1,0,1,0.552200000635783,3,2,10,36,2
"581",1,0,0,0.552200000635783,1,3,3,36,2
"582",1,0,1,0.552200000635783,3,2,10,36,2
"583",0,0,1,0.478700007629395,2,4,8,40,1
"584",0,0,1,0.52436664425532,2,4,8,33,1
"585",1,0,1,0.526566670163472,3,2,10,39,1
"586",1,0,1,0.526566670163472,1,2,2,39,1
"587",0,0,0,0.527833360989889,2,2,6,50,2
"588",0,0,1,0.527833360989889,2,4,8,50,2
"589",0,0,0,0.552200000635783,1,2,2,36,2
"590",0,0,0,0.566633343823751,2,2,6,7,1
"591",NA,0,0,0.489766651884715,1,3,3,22,1
"592",1,0,1,0.602099974091848,4,1,13,17,2
"593",0,0,0,0.552200000635783,2,3,7,36,2
"594",1,0,0,0.527833360989889,2,4,8,50,2
"595",1,0,1,0.552200000635783,2,2,6,36,2
"596",1,0,0,0.489766651884715,4,4,16,22,1
"597",0,1,1,0.52436664425532,2,4,8,33,1
"598",NA,0,1,0.537000003655752,1,1,1,14,2
"599",NA,0,1,0.526566670163472,1,2,2,39,1
"600",1,0,1,0.527833360989889,1,4,4,50,2
"601",1,0,1,0.537000003655752,1,2,2,14,2
"602",1,0,1,0.548066697978973,1,4,4,23,2
"603",1,0,0,0.478700007629395,2,1,5,40,1
"604",1,0,0,0.602099974091848,2,3,7,17,2
"605",1,0,0,0.552200000635783,2,2,6,36,2
"606",1,0,0,0.489766651884715,2,4,8,22,1
"607",1,0,0,0.602099974091848,2,3,7,17,2
"608",0,0,1,0.526566670163472,4,2,14,39,1
"609",1,0,0,0.533566686375936,2,4,8,26,2
"610",0,1,1,0.584099987602234,3,2,10,19,3
"611",0,0,1,0.537000003655752,1,4,4,14,2
"612",1,0,0,0.552200000635783,3,2,10,36,2
"613",NA,1,0,0.537000003655752,3,1,9,14,2
"614",NA,0,0,0.527833360989889,2,4,8,50,2
"615",0,0,0,0.527833360989889,1,2,2,50,2
"616",0,0,1,0.537000003655752,2,2,6,14,2
"617",0,0,1,0.505500021378199,2,2,6,24,2
"618",0,0,1,0.527833360989889,2,2,6,50,2
"619",0,0,1,0.52436664425532,2,2,6,33,1
"620",1,0,0,0.505500021378199,1,2,2,24,2
"621",0,1,1,0.548066697978973,3,1,9,23,2
"622",1,0,1,0.581833334445953,2,2,6,15,2
"623",0,0,0,0.665466688283284,2,4,8,28,2
"624",0,0,0,0.552200000635783,2,4,8,36,2
"625",1,0,0,0.608066638533274,2,2,6,47,3
"626",0,0,0,0.52436664425532,2,4,8,33,1
"627",1,0,0,0.61163329073588,3,2,10,10,3
"628",0,0,0,0.554300017801921,3,4,12,43,3
"629",1,0,0,0.527833360989889,3,2,10,50,2
"630",1,0,0,0.552200000635783,3,1,9,36,2
"631",1,0,1,0.552200000635783,1,2,2,36,2
"632",1,0,0,0.526566670163472,1,3,3,39,1
"633",1,0,0,0.61163329073588,4,3,15,10,3
"634",1,0,1,0.608066638533274,4,4,16,47,3
"635",0,1,1,0.552200000635783,2,4,8,36,2
"636",NA,0,1,0.594033358287811,3,2,10,44,3
"637",1,0,1,0.533566686375936,3,3,11,26,2
"638",1,0,1,0.608066638533274,4,2,14,47,3
"639",1,0,1,0.529166691144307,3,2,10,18,3
"640",1,0,1,0.571833309491475,2,2,6,34,3
"641",0,0,0,0.52436664425532,3,4,12,33,1
"642",1,0,0,0.548066697978973,1,3,3,23,2
"643",1,0,1,0.537000003655752,2,2,6,14,2
"644",0,0,0,0.524800026067098,3,2,10,16,2
"645",0,1,1,0.582999997297923,4,1,13,25,3
"646",1,0,1,0.61163329073588,1,4,4,10,3
"647",0,0,0,0.539733344459534,2,4,8,4,3
"648",0,0,1,0.594033358287811,2,3,7,44,3
"649",0,0,1,0.493566658401489,2,2,6,49,1
"650",0,0,1,0.594033358287811,2,4,8,44,3
"651",1,0,0,0.493566658401489,3,3,11,49,1
"652",1,0,1,0.665466688283284,1,3,3,28,2
"653",0,0,1,0.52436664425532,1,1,1,33,1
"654",0,0,1,0.52436664425532,3,2,10,33,1
"655",1,0,1,0.61163329073588,4,4,16,10,3
"656",1,0,1,0.594033358287811,2,4,8,44,3
"657",1,0,0,0.505500021378199,2,2,6,24,2
"658",1,1,1,0.533566686375936,1,2,2,26,2
"659",0,1,0,0.523033343982697,1,1,1,11,3
"660",1,0,1,0.584099987602234,1,4,4,19,3
"661",0,1,1,0.152999997138977,4,2,14,9,5
"662",0,0,1,0.61163329073588,2,2,6,10,3
"663",0,0,0,0.527833360989889,1,3,3,50,2
"664",1,0,1,0.594033358287811,4,4,16,44,3
"665",0,1,0,0.594033358287811,2,3,7,44,3
"666",0,0,1,0.594033358287811,3,2,10,44,3
"667",0,0,0,0.526566670163472,1,2,2,39,1
"668",1,0,1,0.594033358287811,1,2,2,44,3
"669",1,0,0,0.608066638533274,4,2,14,47,3
"670",0,1,0,0.571833309491475,4,2,14,34,3
"671",1,0,0,0.594033358287811,3,2,10,44,3
"672",1,0,0,0.537000003655752,2,4,8,14,2
"673",0,0,1,0.571833309491475,4,2,14,34,3
"674",1,0,1,0.554300017801921,2,4,8,43,3
"675",1,0,0,0.527833360989889,3,2,10,50,2
"676",1,1,0,0.529166691144307,2,2,6,18,3
"677",1,0,0,0.571833309491475,3,2,10,34,3
"678",1,0,0,0.665466688283284,3,2,10,28,2
"679",1,0,0,0.594033358287811,4,3,15,44,3
"680",1,0,0,0.565133328723908,2,4,8,1,3
"681",0,1,1,0.608066638533274,3,4,12,47,3
"682",0,1,1,0.608066638533274,1,3,3,47,3
"683",1,0,1,0.61163329073588,1,3,3,10,3
"684",0,0,1,0.565133328723908,4,4,16,1,3
"685",0,0,1,0.529166691144307,4,1,13,18,3
"686",0,0,1,0.543666702906291,3,3,11,5,4
"687",NA,0,1,0.529166691144307,4,3,15,18,3
"688",NA,0,0,0.554300017801921,2,3,7,43,3
"689",NA,0,1,0.537000003655752,3,4,12,14,2
"690",0,0,1,0.594033358287811,2,2,6,44,3
"691",1,0,1,0.584566701952616,3,3,11,6,4
"692",1,0,1,0.539733344459534,4,2,14,4,3
"693",0,0,0,0.543666702906291,1,2,2,5,4
"694",1,0,1,0.594033358287811,4,4,16,44,3
"695",1,0,1,0.584566701952616,1,3,3,6,4
"696",0,0,0,0.61163329073588,3,2,10,10,3
"697",1,0,0,0.594033358287811,1,4,4,44,3
"698",1,0,1,0.613366670163472,3,2,10,3,4
"699",0,0,1,0.543666702906291,3,3,11,5,4
"700",0,0,0,0.523033343982697,2,4,8,11,3
"701",1,1,1,0.565133328723908,1,3,3,1,3
"702",1,0,1,0.61163329073588,4,2,14,10,3
"703",1,0,0,0.571833309491475,4,2,14,34,3
"704",1,0,0,0.547800015417735,3,2,10,32,4
"705",1,0,1,0.547800015417735,3,4,12,32,4
"706",1,0,1,0.543666702906291,2,2,6,5,4
"707",1,1,0,0.523033343982697,1,3,3,11,3
"708",0,0,1,0.544333343505859,3,1,9,38,4
"709",0,0,0,0.603233325068156,1,2,2,37,3
"710",0,0,1,0.505500021378199,2,3,7,24,2
"711",NA,0,0,0.692699998092651,2,2,6,45,4
"712",0,0,1,0.572766618665059,1,2,2,41,3
"713",0,0,1,0.547800015417735,2,4,8,32,4
"714",1,0,1,0.543666702906291,2,4,8,5,4
"715",1,0,1,0.543666702906291,2,4,8,5,4
"716",1,0,1,0.493566658401489,4,1,13,49,1
"717",1,0,0,0.527833360989889,2,2,6,50,2
"718",1,0,0,0.554433295345306,3,1,9,48,4
"719",NA,0,1,0.523033343982697,3,4,12,11,3
"720",0,0,1,0.565133328723908,2,3,7,1,3
"721",1,0,1,0.582999997297923,3,3,11,25,3
"722",1,0,1,0.554300017801921,3,3,11,43,3
"723",0,0,1,0.543666702906291,3,1,9,5,4
"724",1,0,0,0.554433295345306,4,2,14,48,4
"725",1,0,1,0.543666702906291,1,2,2,5,4
"726",1,0,0,0.543666702906291,1,3,3,5,4
"727",1,0,0,0.523033343982697,2,1,5,11,3
"728",0,0,1,0.613366670163472,4,4,16,3,4
"729",1,0,0,0.543666702906291,3,4,12,5,4
"730",0,0,1,0.543666702906291,2,4,8,5,4
"731",1,0,1,0.603233325068156,3,2,10,37,3
"732",0,0,1,0.603833326975505,3,2,10,29,4
"733",1,0,1,0.529166691144307,3,2,10,18,3
"734",1,0,0,0.584566701952616,2,4,8,6,4
"735",1,0,1,0.543666702906291,3,1,9,5,4
"736",0,0,1,0.524800026067098,3,1,9,16,2
"737",1,0,0,0.608066638533274,1,3,3,47,3
"738",1,0,1,0.594033358287811,2,1,5,44,3
"739",1,0,1,0.566633343823751,2,4,8,7,1
"740",0,0,0,0.543666702906291,4,1,13,5,4
"741",0,0,0,0.501166654507319,2,2,6,21,1
"742",0,0,1,0.594033358287811,4,2,14,44,3
"743",0,0,1,0.52436664425532,2,4,8,33,1
"744",0,0,1,0.544333343505859,2,3,7,38,4
"745",0,0,0,0.543666702906291,2,4,8,5,4
"746",0,1,1,0.61163329073588,2,3,7,10,3
"747",1,0,1,0.594033358287811,2,4,8,44,3
"748",0,0,0,0.613366670163472,1,3,3,3,4
"749",1,0,1,0.526566670163472,4,3,15,39,1
"750",NA,0,0,0.549599981244405,2,2,6,20,1
"751",1,0,1,0.543666702906291,2,3,7,5,4
"752",1,0,1,0.552200000635783,2,2,6,36,2
"753",1,1,0,0.52436664425532,1,2,2,33,1
"754",0,0,1,0.548066697978973,2,2,6,23,2
"755",1,0,1,0.571833309491475,3,2,10,34,3
"756",0,0,0,0.544333343505859,2,4,8,38,4
"757",0,0,1,0.581833334445953,1,2,2,15,2
"758",1,0,1,0.571833309491475,2,2,6,34,3
"759",0,0,0,0.548066697978973,1,2,2,23,2
"760",0,0,1,0.526566670163472,2,2,6,39,1
"761",0,1,0,0.52436664425532,2,4,8,33,1
"762",0,0,0,0.552200000635783,1,3,3,36,2
"763",1,0,0,0.603233325068156,3,1,9,37,3
"764",1,0,1,0.52436664425532,2,4,8,33,1
"765",1,0,0,0.554433295345306,2,4,8,48,4
"766",0,0,1,0.548066697978973,4,4,16,23,2
"767",1,0,0,0.571833309491475,3,1,9,34,3
"768",1,0,0,0.548066697978973,1,4,4,23,2
"769",1,0,1,0.537000003655752,3,2,10,14,2
"770",1,0,1,0.566633343823751,1,4,4,7,1
"771",0,0,0,0.526566670163472,3,2,10,39,1
"772",1,0,0,0.548066697978973,1,4,4,23,2
"773",0,0,1,0.594033358287811,4,4,16,44,3
"774",1,0,1,0.523033343982697,3,1,9,11,3
"775",1,0,1,0.61163329073588,3,2,10,10,3
"776",1,0,0,0.61163329073588,1,3,3,10,3
"777",1,0,1,0.602099974091848,2,2,6,17,2
"778",NA,0,0,0.594033358287811,3,3,11,44,3
"779",1,0,1,0.501166654507319,2,2,6,21,1
"780",1,0,1,0.602099974091848,1,4,4,17,2
"781",1,0,1,0.548066697978973,4,2,14,23,2
"782",1,0,0,0.537000003655752,2,4,8,14,2
"783",0,0,0,0.582999997297923,2,4,8,25,3
"784",0,0,1,0.534600032583872,1,4,4,8,1
"785",0,0,1,0.61163329073588,1,2,2,10,3
"786",0,0,0,0.61163329073588,3,2,10,10,3
"787",0,0,0,0.543666702906291,1,4,4,5,4
"788",NA,0,0,0.524800026067098,2,1,5,16,2
"789",NA,0,1,0.539733344459534,2,4,8,4,3
"790",0,0,0,0.52436664425532,1,3,3,33,1
"791",1,0,1,0.489766651884715,2,3,7,22,1
"792",1,0,1,0.61163329073588,2,3,7,10,3
"793",1,0,0,0.584099987602234,3,2,10,19,3
"794",1,0,0,0.613366670163472,1,4,4,3,4
"795",0,0,0,0.608066638533274,2,4,8,47,3
"796",0,0,1,0.544333343505859,2,2,6,38,4
"797",1,0,1,0.529166691144307,2,4,8,18,3
"798",1,0,1,0.572766618665059,3,2,10,41,3
"799",1,0,1,0.527833360989889,3,2,10,50,2
"800",1,0,1,0.547800015417735,3,4,12,32,4
"801",1,1,1,0.608066638533274,3,2,10,47,3
"802",1,0,0,0.582999997297923,1,4,4,25,3
"803",0,0,1,0.657366662693024,3,1,9,13,4
"804",0,0,1,0.548066697978973,4,1,13,23,2
"805",0,0,0,0.552200000635783,1,4,4,36,2
"806",1,0,0,0.594033358287811,2,4,8,44,3
"807",1,0,0,0.52436664425532,1,1,1,33,1
"808",1,0,0,0.489766651884715,2,3,7,22,1
"809",1,0,1,0.523033343982697,3,4,12,11,3
"810",NA,0,1,0.543666702906291,2,3,7,5,4
"811",0,0,0,0.554433295345306,2,2,6,48,4
"812",1,0,1,0.581833334445953,3,2,10,15,2
"813",1,0,0,0.584566701952616,1,3,3,6,4
"814",1,0,0,0.552200000635783,2,3,7,36,2
"815",0,0,0,0.523033343982697,2,3,7,11,3
"816",0,0,0,0.543666702906291,1,2,2,5,4
"817",1,0,1,0.594033358287811,2,4,8,44,3
"818",0,0,1,0.543666702906291,2,2,6,5,4
"819",0,0,1,0.537000003655752,2,3,7,14,2
"820",0,0,0,0.52436664425532,2,2,6,33,1
"821",1,0,1,0.543666702906291,2,2,6,5,4
"822",0,0,1,0.608066638533274,1,4,4,47,3
"823",0,0,1,0.584566701952616,4,3,15,6,4
"824",1,0,1,0.552200000635783,1,4,4,36,2
"825",0,1,1,0.594033358287811,3,2,10,44,3
"826",0,0,0,0.61163329073588,2,4,8,10,3
"827",0,0,1,0.52436664425532,3,4,12,33,1
"828",0,0,1,0.493566658401489,3,3,11,49,1
"829",0,0,0,0.526566670163472,2,4,8,39,1
"830",0,1,1,0.603233325068156,2,2,6,37,3
"831",1,0,1,0.554300017801921,4,2,14,43,3
"832",0,0,0,0.505500021378199,3,2,10,24,2
"833",0,1,0,0.584099987602234,3,1,9,19,3
"834",1,0,1,0.529166691144307,3,3,11,18,3
"835",1,0,0,0.533566686375936,3,3,11,26,2
"836",1,0,0,0.505500021378199,2,2,6,24,2
"837",0,0,1,0.52436664425532,3,3,11,33,1
"838",1,0,1,0.526566670163472,1,3,3,39,1
"839",1,1,1,0.52436664425532,2,2,6,33,1
"840",1,0,1,0.571833309491475,3,1,9,34,3
"841",1,0,1,0.608066638533274,1,2,2,47,3
"842",1,0,0,0.52436664425532,1,2,2,33,1
"843",1,0,0,0.613366670163472,2,4,8,3,4
"844",0,1,1,0.523033343982697,1,4,4,11,3
"845",1,0,1,0.543666702906291,2,2,6,5,4
"846",1,0,1,0.572766618665059,3,1,9,41,3
"847",1,0,1,0.554300017801921,1,2,2,43,3
"848",0,0,1,0.52436664425532,2,3,7,33,1
"849",1,0,0,0.489766651884715,2,3,7,22,1
"850",1,0,1,0.564166665871938,1,4,4,31,1
"851",1,0,0,0.554300017801921,3,3,11,43,3
"852",1,0,1,0.61163329073588,3,2,10,10,3
"853",1,1,1,0.554300017801921,1,2,2,43,3
"854",1,0,0,0.523033343982697,2,2,6,11,3
"855",0,0,1,0.584566701952616,1,3,3,6,4
"856",0,1,1,0.52436664425532,1,3,3,33,1
"857",0,0,1,0.584099987602234,1,4,4,19,3
"858",1,0,0,0.632033331902822,1,2,2,30,1
"859",1,0,0,0.572766618665059,2,2,6,41,3
"860",1,0,1,0.552200000635783,2,2,6,36,2
"861",1,0,0,0.526566670163472,3,2,10,39,1
"862",0,0,0,0.549599981244405,2,2,6,20,1
"863",0,0,1,0.571833309491475,3,2,10,34,3
"864",0,0,1,0.537000003655752,3,2,10,14,2
"865",0,0,0,0.584566701952616,2,4,8,6,4
"866",1,0,0,0.537000003655752,3,4,12,14,2
"867",NA,0,0,0.608066638533274,2,4,8,47,3
"868",0,0,1,0.554433295345306,1,3,3,48,4
"869",NA,0,1,0.489766651884715,4,2,14,22,1
"870",1,0,1,0.543666702906291,2,2,6,5,4
"871",1,0,0,0.554300017801921,2,3,7,43,3
"872",1,0,0,0.523033343982697,2,3,7,11,3
"873",1,0,0,0.548066697978973,3,4,12,23,2
"874",1,1,1,0.564166665871938,1,2,2,31,1
"875",0,0,0,0.489766651884715,1,4,4,22,1
"876",0,0,0,0.543666702906291,2,2,6,5,4
"877",1,0,1,0.543666702906291,2,4,8,5,4
"878",1,0,0,0.61163329073588,2,3,7,10,3
"879",1,0,0,0.594033358287811,1,3,3,44,3
"880",0,0,0,0.526566670163472,1,4,4,39,1
"881",0,0,0,0.52436664425532,4,2,14,33,1
"882",1,0,1,0.572766618665059,4,3,15,41,3
"883",0,0,0,0.548066697978973,1,4,4,23,2
"884",0,0,0,0.608066638533274,2,4,8,47,3
"885",1,0,1,0.526566670163472,3,3,11,39,1
"886",1,0,1,0.529166691144307,3,2,10,18,3
"887",1,0,0,0.526566670163472,1,2,2,39,1
"888",0,1,1,0.52436664425532,1,3,3,33,1
"889",0,0,1,0.572766618665059,2,4,8,41,3
"890",0,0,0,0.608066638533274,1,3,3,47,3
"891",1,0,0,0.543666702906291,2,1,5,5,4
"892",1,0,1,0.613366670163472,2,2,6,3,4
"893",1,0,0,0.614366671593984,2,4,8,35,2
"894",1,0,1,0.52436664425532,2,3,7,33,1
"895",1,0,0,0.529166691144307,2,4,8,18,3
"896",1,0,1,0.543666702906291,2,3,7,5,4
"897",1,0,1,0.61163329073588,2,3,7,10,3
"898",1,0,0,0.61163329073588,2,3,7,10,3
"899",1,0,1,0.565133328723908,2,4,8,1,3
"900",1,0,0,0.552200000635783,3,4,12,36,2
"901",0,0,1,0.594033358287811,2,4,8,44,3
"902",0,0,0,0.594033358287811,3,2,10,44,3
"903",0,0,1,0.544333343505859,1,1,1,38,4
"904",0,0,1,0.52436664425532,2,4,8,33,1
"905",0,0,1,0.543666702906291,4,2,14,5,4
"906",0,1,1,0.594033358287811,2,3,7,44,3
"907",0,0,0,0.554433295345306,1,2,2,48,4
"908",0,1,1,0.572766618665059,2,3,7,41,3
"909",0,0,1,0.52436664425532,2,4,8,33,1
"910",0,0,0,0.524800026067098,2,2,6,16,2
"911",0,0,1,0.543666702906291,1,2,2,5,4
"912",0,0,1,0.594033358287811,2,3,7,44,3
"913",NA,0,1,0.594033358287811,2,2,6,44,3
"914",0,0,1,0.61163329073588,1,3,3,10,3
"915",1,0,0,0.526566670163472,1,2,2,39,1
"916",1,0,0,0.61163329073588,2,4,8,10,3
"917",1,0,0,0.52436664425532,2,4,8,33,1
"918",0,0,0,0.61163329073588,3,2,10,10,3
"919",1,0,0,0.565133328723908,1,2,2,1,3
"920",NA,0,0,0.543666702906291,2,4,8,5,4
"921",NA,0,0,0.565133328723908,1,3,3,1,3
"922",1,0,1,0.572766618665059,3,1,9,41,3
"923",1,0,0,0.564166665871938,2,4,8,31,1
"924",0,0,1,0.554300017801921,2,2,6,43,3
"925",1,0,1,0.554300017801921,2,1,5,43,3
"926",0,0,0,0.552200000635783,2,3,7,36,2
"927",0,0,1,0.52436664425532,1,1,1,33,1
"928",NA,0,0,0.613366670163472,2,3,7,3,4
"929",1,0,0,0.581833334445953,2,2,6,15,2
"930",1,0,1,0.594033358287811,2,2,6,44,3
"931",1,0,0,0.552200000635783,1,2,2,36,2
"932",1,0,0,0.61163329073588,3,2,10,10,3
"933",0,0,0,0.478700007629395,3,3,11,40,1
"934",0,0,1,0.554300017801921,4,1,13,43,3
"935",1,0,0,0.543666702906291,2,4,8,5,4
"936",0,0,1,0.543666702906291,4,3,15,5,4
"937",0,0,1,0.565133328723908,2,3,7,1,3
"938",1,0,0,0.478700007629395,1,3,3,40,1
"939",NA,0,1,0.571833309491475,1,3,3,34,3
"940",1,0,1,0.61163329073588,4,2,14,10,3
"941",0,0,1,0.537000003655752,2,4,8,14,2
"942",1,0,1,0.554433295345306,2,3,7,48,4
"943",1,0,1,0.526566670163472,1,2,2,39,1
"944",0,0,1,0.564166665871938,3,4,12,31,1
"945",0,0,0,0.493566658401489,2,3,7,49,1
"946",1,0,0,0.594033358287811,3,3,11,44,3
"947",0,1,0,0.523033343982697,2,2,6,11,3
"948",1,0,0,0.552200000635783,2,4,8,36,2
"949",0,0,1,0.537000003655752,2,1,5,14,2
"950",0,0,1,0.61163329073588,4,2,14,10,3
"951",0,0,0,0.543666702906291,2,4,8,5,4
"952",0,1,0,0.52436664425532,1,4,4,33,1
"953",0,0,1,0.537000003655752,1,4,4,14,2
"954",0,0,0,0.489766651884715,2,2,6,22,1
"955",0,0,1,0.52436664425532,2,2,6,33,1
"956",1,0,0,0.566633343823751,2,4,8,7,1
"957",0,1,1,0.548066697978973,1,2,2,23,2
"958",1,0,1,0.523033343982697,1,2,2,11,3
"959",1,0,1,0.52436664425532,4,2,14,33,1
"960",0,0,0,0.552200000635783,3,3,11,36,2
"961",0,0,0,0.489766651884715,1,1,1,22,1
"962",0,0,1,0.537000003655752,2,2,6,14,2
"963",0,0,1,0.548066697978973,3,3,11,23,2
"964",1,0,1,0.523033343982697,2,1,5,11,3
"965",1,0,1,0.594033358287811,1,3,3,44,3
"966",1,0,1,0.552200000635783,1,2,2,36,2
"967",0,0,1,0.564166665871938,2,3,7,31,1
"968",1,0,1,0.552200000635783,3,3,11,36,2
"969",0,0,1,0.52436664425532,3,3,11,33,1
"970",0,0,1,0.52436664425532,4,4,16,33,1
"971",0,0,1,0.543666702906291,3,4,12,5,4
"972",0,0,0,0.501166654507319,2,2,6,21,1
"973",1,0,1,0.564166665871938,1,4,4,31,1
"974",0,1,1,0.548066697978973,2,3,7,23,2
"975",0,0,1,0.549599981244405,4,4,16,20,1
"976",0,1,1,0.594033358287811,1,3,3,44,3
"977",1,0,0,0.544333343505859,4,1,13,38,4
"978",0,0,0,0.566633343823751,3,2,10,7,1
"979",1,0,0,0.584566701952616,3,4,12,6,4
"980",0,0,0,0.543666702906291,4,1,13,5,4
"981",1,0,1,0.565133328723908,4,2,14,1,3
"982",0,0,1,0.543666702906291,2,3,7,5,4
"983",0,0,1,0.594033358287811,2,2,6,44,3
"984",NA,0,1,0.524800026067098,2,2,6,16,2
"985",0,0,1,0.526566670163472,3,4,12,39,1
"986",1,0,0,0.564166665871938,1,2,2,31,1
"987",1,0,0,0.489766651884715,1,4,4,22,1
"988",NA,0,0,0.526566670163472,3,2,10,39,1
"989",0,0,1,0.564166665871938,2,4,8,31,1
"990",0,0,0,0.524800026067098,2,4,8,16,2
"991",0,0,1,0.61163329073588,4,1,13,10,3
"992",0,1,1,0.584566701952616,3,4,12,6,4
"993",0,0,1,0.603233325068156,2,1,5,37,3
"994",1,0,1,0.537000003655752,4,2,14,14,2
"995",1,0,1,0.543666702906291,2,2,6,5,4
"996",1,0,0,0.554433295345306,4,2,14,48,4
"997",1,0,1,0.603233325068156,1,3,3,37,3
"998",1,0,1,0.552200000635783,3,3,11,36,2
"999",0,1,0,0.501166654507319,3,2,10,21,1
"1000",1,0,1,0.543666702906291,2,3,7,5,4
"1001",0,0,1,0.543666702906291,4,1,13,5,4
"1002",0,0,0,0.501166654507319,1,3,3,21,1
"1003",NA,0,0,0.608066638533274,1,2,2,47,3
"1004",0,0,0,0.543666702906291,3,4,12,5,4
"1005",1,0,1,0.594033358287811,2,2,6,44,3
"1006",NA,0,0,0.524800026067098,4,1,13,16,2
"1007",NA,0,1,0.533566686375936,2,3,7,26,2
"1008",1,0,1,0.544333343505859,3,2,10,38,4
"1009",0,0,1,0.537000003655752,2,2,6,14,2
"1010",0,0,0,0.61163329073588,1,4,4,10,3
"1011",1,0,0,0.543666702906291,2,2,6,5,4
"1012",0,1,1,0.61163329073588,4,1,13,10,3
"1013",0,0,0,0.489766651884715,4,2,14,22,1
"1014",NA,0,1,0.572766618665059,4,1,13,41,3
"1015",1,0,0,0.489766651884715,2,4,8,22,1
"1016",NA,0,1,0.537000003655752,3,2,10,14,2
"1017",1,0,0,0.526566670163472,2,2,6,39,1
"1018",0,0,1,0.571833309491475,2,2,6,34,3
"1019",1,0,1,0.52436664425532,1,2,2,33,1
"1020",1,0,1,0.526566670163472,1,4,4,39,1
"1021",1,0,1,0.61163329073588,3,2,10,10,3
"1022",0,0,0,0.52436664425532,3,4,12,33,1
"1023",0,1,1,0.594033358287811,2,2,6,44,3
"1024",0,1,1,0.582999997297923,3,1,9,25,3
"1025",NA,0,1,0.581833334445953,4,1,13,15,2
"1026",1,0,0,0.543666702906291,3,2,10,5,4
"1027",1,0,0,0.554433295345306,3,4,12,48,4
"1028",1,0,1,0.61163329073588,4,2,14,10,3
"1029",1,0,1,0.552200000635783,4,1,13,36,2
"1030",1,0,0,0.478700007629395,3,3,11,40,1
"1031",NA,0,0,0.566633343823751,3,4,12,7,1
"1032",1,0,1,0.613366670163472,3,3,11,3,4
"1033",1,0,0,0.613366670163472,3,3,11,3,4
"1034",NA,0,0,0.537000003655752,4,2,14,14,2
"1035",1,0,0,0.552200000635783,2,2,6,36,2
"1036",1,1,1,0.543666702906291,4,2,14,5,4
"1037",NA,0,1,0.493566658401489,2,3,7,49,1
"1038",1,0,0,0.571833309491475,2,4,8,34,3
"1039",1,0,0,0.61163329073588,4,1,13,10,3
"1040",1,0,0,0.584099987602234,3,2,10,19,3
"1041",0,0,0,0.543666702906291,4,1,13,5,4
"1042",1,0,1,0.505500021378199,2,3,7,24,2
"1043",NA,1,1,0.584099987602234,1,2,2,19,3
"1044",0,0,0,0.665466688283284,4,1,13,28,2
"1045",NA,0,1,0.537000003655752,3,4,12,14,2
"1046",0,0,1,0.565133328723908,4,1,13,1,3
"1047",1,0,1,0.554300017801921,1,2,2,43,3
"1048",0,0,0,0.544333343505859,4,1,13,38,4
"1049",1,0,1,0.543666702906291,3,4,12,5,4
"1050",1,0,1,0.543666702906291,3,4,12,5,4
"1051",0,0,0,0.526566670163472,3,2,10,39,1
"1052",1,0,1,0.52436664425532,2,4,8,33,1
"1053",0,0,1,0.594033358287811,4,1,13,44,3
"1054",1,0,1,0.571833309491475,3,2,10,34,3
"1055",0,0,0,0.61163329073588,4,3,15,10,3
"1056",0,1,1,0.608066638533274,2,4,8,47,3
"1057",1,0,0,0.608066638533274,3,2,10,47,3
"1058",0,0,0,0.543666702906291,2,3,7,5,4
"1059",1,0,1,0.594033358287811,3,3,11,44,3
"1060",1,0,1,0.584099987602234,4,3,15,19,3
"1061",0,0,1,0.529166691144307,3,1,9,18,3
"1062",0,0,1,0.552200000635783,3,2,10,36,2
"1063",1,0,1,0.552200000635783,3,2,10,36,2
"1064",NA,0,1,0.539733344459534,4,1,13,4,3
"1065",0,0,0,0.529166691144307,1,2,2,18,3
"1066",0,0,1,0.552200000635783,2,4,8,36,2
"1067",0,0,1,0.61163329073588,4,1,13,10,3
"1068",1,0,0,0.602099974091848,2,4,8,17,2
"1069",1,0,1,0.526566670163472,3,2,10,39,1
"1070",0,1,1,0.526566670163472,2,3,7,39,1
"1071",1,0,0,0.523033343982697,2,2,6,11,3
"1072",NA,0,1,0.548066697978973,4,1,13,23,2
"1073",NA,0,1,0.61163329073588,3,3,11,10,3
"1074",NA,0,1,0.537000003655752,1,3,3,14,2
"1075",NA,0,0,0.548066697978973,1,2,2,23,2
"1076",NA,0,1,0.501166654507319,4,1,13,21,1
"1077",NA,0,0,0.527833360989889,2,1,5,50,2
"1078",NA,1,1,0.52436664425532,1,2,2,33,1
"1079",NA,0,1,0.613366670163472,1,2,2,3,4
"1080",NA,0,0,0.543666702906291,1,2,2,5,4
"1081",NA,0,0,0.571833309491475,3,1,9,34,3
"1082",NA,0,1,0.554300017801921,4,1,13,43,3
"1083",NA,0,1,0.552200000635783,1,2,2,36,2
"1084",NA,0,0,0.581833334445953,2,4,8,15,2
"1085",NA,0,1,0.552200000635783,2,2,6,36,2
"1086",NA,0,0,0.581833334445953,1,2,2,15,2
"1087",NA,0,0,0.52436664425532,3,2,10,33,1
"1088",NA,0,0,0.571833309491475,2,3,7,34,3
"1089",NA,0,1,0.565133328723908,4,1,13,1,3
"1090",NA,0,0,0.501166654507319,2,2,6,21,1
"1091",NA,0,0,0.564166665871938,1,4,4,31,1
"1092",NA,0,1,0.505500021378199,2,2,6,24,2
"1093",NA,0,1,0.613366670163472,3,1,9,3,4
"1094",NA,0,1,0.526566670163472,1,2,2,39,1
"1095",NA,1,1,0.552200000635783,4,1,13,36,2
"1096",NA,0,1,0.544333343505859,1,1,1,38,4
"1097",NA,0,0,0.537000003655752,2,2,6,14,2
"1098",NA,0,0,0.505500021378199,2,2,6,24,2
"1099",NA,0,1,0.547800015417735,3,2,10,32,4
"1100",NA,0,1,0.52436664425532,4,3,15,33,1
"1101",NA,1,1,0.52436664425532,4,2,14,33,1
"1102",NA,1,1,0.478700007629395,1,2,2,40,1
"1103",NA,0,1,0.61163329073588,2,2,6,10,3
"1104",NA,0,1,0.52436664425532,4,2,14,33,1
"1105",NA,0,1,0.537000003655752,1,3,3,14,2
"1106",NA,0,0,0.552200000635783,3,4,12,36,2
"1107",NA,0,1,0.526566670163472,3,2,10,39,1
"1108",NA,0,1,0.543666702906291,2,3,7,5,4
"1109",1,0,0,0.554433295345306,2,2,6,48,4
"1110",0,0,1,0.554433295345306,2,3,7,48,4
"1111",1,0,0,0.657366662693024,2,4,8,13,4
"1112",0,0,1,0.543666702906291,2,4,8,5,4
"1113",0,0,1,0.548066697978973,1,2,2,23,2
"1114",0,0,0,0.552200000635783,3,3,11,36,2
"1115",1,0,0,0.61163329073588,4,4,16,10,3
"1116",1,0,0,0.52436664425532,4,2,14,33,1
"1117",1,0,1,0.527833360989889,1,2,2,50,2
"1118",1,0,0,0.554300017801921,2,4,8,43,3
"1119",0,0,1,0.548066697978973,3,2,10,23,2
"1120",0,0,1,0.552200000635783,3,2,10,36,2
"1121",1,0,0,0.523033343982697,2,4,8,11,3
"1122",0,1,1,0.527833360989889,2,4,8,50,2
"1123",0,0,0,0.505500021378199,2,2,6,24,2
"1124",0,0,0,0.489766651884715,1,4,4,22,1
"1125",1,0,1,0.537000003655752,2,4,8,14,2
"1126",0,0,1,0.602099974091848,4,2,14,17,2
"1127",0,0,1,0.52436664425532,2,4,8,33,1
"1128",0,0,0,0.581833334445953,1,1,1,15,2
"1129",NA,0,0,0.52436664425532,2,4,8,33,1
"1130",NA,0,0,0.603233325068156,1,2,2,37,3
"1131",0,0,0,0.614366671593984,2,2,6,35,2
"1132",0,0,0,0.584099987602234,2,4,8,19,3
"1133",0,0,1,0.52436664425532,1,3,3,33,1
"1134",0,0,0,0.543666702906291,1,2,2,5,4
"1135",0,0,1,0.527833360989889,1,3,3,50,2
"1136",1,0,0,0.543666702906291,1,3,3,5,4
"1137",0,0,1,0.61163329073588,3,2,10,10,3
"1138",0,0,1,0.537000003655752,2,2,6,14,2
"1139",0,1,1,0.533566686375936,1,2,2,26,2
"1140",1,0,0,0.552200000635783,2,3,7,36,2
"1141",1,0,1,0.537000003655752,4,4,16,14,2
"1142",0,0,1,0.493566658401489,1,4,4,49,1
"1143",NA,0,1,0.608066638533274,2,2,6,47,3
"1144",1,0,1,0.564166665871938,1,2,2,31,1
"1145",1,0,1,0.526566670163472,3,2,10,39,1
"1146",1,0,1,0.594033358287811,2,3,7,44,3
"1147",1,0,0,0.501166654507319,3,4,12,21,1
"1148",1,0,1,0.61163329073588,4,4,16,10,3
"1149",1,0,0,0.565133328723908,2,2,6,1,3
"1150",1,0,0,0.61163329073588,1,2,2,10,3
"1151",1,0,1,0.608066638533274,3,4,12,47,3
"1152",1,0,0,0.61163329073588,4,2,14,10,3
"1153",1,0,1,0.554300017801921,2,1,5,43,3
"1154",0,1,1,0.523033343982697,2,2,6,11,3
"1155",1,0,1,0.61163329073588,2,4,8,10,3
"1156",1,0,0,0.565133328723908,4,1,13,1,3
"1157",1,0,1,0.52436664425532,2,2,6,33,1
"1158",1,0,1,0.61163329073588,4,2,14,10,3
"1159",0,0,1,0.501166654507319,4,1,13,21,1
"1160",1,0,1,0.565133328723908,3,1,9,1,3
"1161",0,0,0,0.594033358287811,3,2,10,44,3
"1162",0,0,0,0.501166654507319,2,4,8,21,1
"1163",1,0,1,0.608066638533274,4,4,16,47,3
"1164",NA,0,1,0.582999997297923,4,1,13,25,3
"1165",0,1,1,0.571833309491475,3,1,9,34,3
"1166",0,0,0,0.52436664425532,1,4,4,33,1
"1167",1,0,1,0.608066638533274,3,2,10,47,3
"1168",1,0,0,0.526566670163472,2,4,8,39,1
"1169",1,0,1,0.529166691144307,2,1,5,18,3
"1170",1,0,1,0.608066638533274,4,3,15,47,3
"1171",1,0,0,0.594033358287811,2,4,8,44,3
"1172",0,0,0,0.572766618665059,2,4,8,41,3
"1173",1,0,1,0.608066638533274,3,4,12,47,3
"1174",0,0,0,0.533566686375936,4,2,14,26,2
"1175",1,0,1,0.61163329073588,1,4,4,10,3
"1176",1,0,1,0.594033358287811,2,3,7,44,3
"1177",1,0,1,0.61163329073588,4,3,15,10,3
"1178",1,0,0,0.554300017801921,3,2,10,43,3
"1179",1,0,0,0.493566658401489,1,2,2,49,1
"1180",1,0,0,0.608066638533274,1,3,3,47,3
"1181",1,0,1,0.572766618665059,2,2,6,41,3
"1182",0,0,1,0.529166691144307,3,4,12,18,3
"1183",0,0,1,0.61163329073588,3,2,10,10,3
"1184",1,0,1,0.599733334604899,1,4,4,42,2
"1185",0,0,0,0.489766651884715,4,1,13,22,1
"1186",1,0,1,0.608066638533274,4,4,16,47,3
"1187",0,1,1,0.501166654507319,3,2,10,21,1
"1188",1,0,1,0.566633343823751,3,3,11,7,1
"1189",1,1,1,0.572766618665059,3,1,9,41,3
"1190",1,0,0,0.61163329073588,2,2,6,10,3
"1191",1,0,1,0.501166654507319,4,2,14,21,1
"1192",1,0,1,0.564166665871938,2,4,8,31,1
"1193",0,0,0,0.523033343982697,3,3,11,11,3
"1194",1,0,1,0.602099974091848,3,4,12,17,2
"1195",1,0,0,0.571833309491475,1,1,1,34,3
"1196",1,0,1,0.523033343982697,2,3,7,11,3
"1197",0,1,1,0.594033358287811,2,2,6,44,3
"1198",0,1,0,0.572766618665059,2,4,8,41,3
"1199",0,1,0,0.501166654507319,4,1,13,21,1
"1200",1,0,1,0.533566686375936,2,2,6,26,2
"1201",1,0,1,0.52436664425532,1,3,3,33,1
"1202",1,0,1,0.564166665871938,2,2,6,31,1
"1203",0,0,1,0.52436664425532,2,4,8,33,1
"1204",0,0,0,0.539733344459534,4,1,13,4,3
"1205",0,0,1,0.52436664425532,2,4,8,33,1
"1206",NA,0,0,0.564166665871938,4,2,14,31,1
"1207",1,0,0,0.527833360989889,2,1,5,50,2
"1208",0,0,1,0.564166665871938,1,4,4,31,1
"1209",0,0,1,0.524800026067098,2,3,7,16,2
"1210",1,0,0,0.61163329073588,2,4,8,10,3
"1211",1,0,0,0.554433295345306,3,2,10,48,4
"1212",1,0,0,0.52436664425532,2,4,8,33,1
"1213",1,0,1,0.564166665871938,2,4,8,31,1
"1214",0,0,0,0.52436664425532,2,3,7,33,1
"1215",0,0,1,0.582999997297923,1,4,4,25,3
"1216",0,0,0,0.539733344459534,3,3,11,4,3
"1217",0,1,0,0.52436664425532,3,1,9,33,1
"1218",0,0,0,0.505500021378199,3,2,10,24,2
"1219",0,0,1,0.552200000635783,3,2,10,36,2
"1220",1,0,0,0.608066638533274,2,4,8,47,3
"1221",1,0,1,0.566633343823751,1,4,4,7,1
"1222",1,0,1,0.52436664425532,1,2,2,33,1
"1223",1,0,1,0.52436664425532,4,3,15,33,1
"1224",1,0,0,0.61163329073588,1,2,2,10,3
"1225",1,0,1,0.527833360989889,3,3,11,50,2
"1226",1,0,0,0.493566658401489,3,1,9,49,1
"1227",1,0,0,0.603233325068156,1,1,1,37,3
"1228",0,0,0,0.52436664425532,4,2,14,33,1
"1229",0,0,1,0.526566670163472,3,2,10,39,1
"1230",0,1,1,0.608066638533274,4,1,13,47,3
"1231",1,0,1,0.52436664425532,4,2,14,33,1
"1232",0,0,0,0.52436664425532,4,2,14,33,1
"1233",0,0,1,0.594033358287811,2,1,5,44,3
"1234",0,0,1,0.543666702906291,2,3,7,5,4
"1235",0,0,1,0.552200000635783,3,1,9,36,2
"1236",1,0,0,0.526566670163472,2,4,8,39,1
"1237",0,0,1,0.594033358287811,2,4,8,44,3
"1238",1,0,0,0.505500021378199,4,3,15,24,2
"1239",1,0,1,0.61163329073588,3,4,12,10,3
"1240",1,0,1,0.572766618665059,4,3,15,41,3
"1241",1,0,1,0.52436664425532,1,2,2,33,1
"1242",1,0,1,0.52436664425532,1,2,2,33,1
"1243",0,0,1,0.501166654507319,2,3,7,21,1
"1244",1,0,1,0.52436664425532,2,2,6,33,1
"1245",1,0,0,0.527833360989889,2,3,7,50,2
"1246",1,0,1,0.552200000635783,3,2,10,36,2
"1247",1,0,0,0.52436664425532,4,4,16,33,1
"1248",1,0,1,0.524800026067098,1,1,1,16,2
"1249",1,0,1,0.526566670163472,2,1,5,39,1
"1250",1,0,0,0.608066638533274,2,4,8,47,3
"1251",0,0,1,0.594033358287811,3,4,12,44,3
"1252",1,0,0,0.489766651884715,1,4,4,22,1
"1253",0,0,0,0.533566686375936,2,2,6,26,2
"1254",0,0,1,0.489766651884715,2,4,8,22,1
"1255",0,0,1,0.61163329073588,4,2,14,10,3
"1256",0,0,1,0.493566658401489,3,2,10,49,1
"1257",0,0,1,0.527833360989889,2,4,8,50,2
"1258",0,0,0,0.614366671593984,2,4,8,35,2
"1259",1,0,0,0.489766651884715,2,2,6,22,1
"1260",1,0,1,0.523033343982697,4,2,14,11,3
"1261",NA,1,0,0.52436664425532,2,2,6,33,1
"1262",1,0,0,0.552200000635783,2,2,6,36,2
"1263",1,0,1,0.564166665871938,3,2,10,31,1
"1264",1,0,1,0.565133328723908,1,3,3,1,3
"1265",1,0,1,0.552200000635783,1,2,2,36,2
"1266",NA,0,0,0.501166654507319,4,2,14,21,1
"1267",NA,0,1,0.52436664425532,1,2,2,33,1
"1268",0,0,1,0.552200000635783,4,1,13,36,2
"1269",0,1,1,0.505500021378199,1,1,1,24,2
"1270",0,0,1,0.527833360989889,1,2,2,50,2
"1271",0,1,1,0.564166665871938,1,2,2,31,1
"1272",0,0,1,0.61163329073588,1,1,1,10,3
"1273",0,1,1,0.564166665871938,3,2,10,31,1
"1274",1,0,1,0.537000003655752,4,4,16,14,2
"1275",1,0,1,0.548066697978973,3,2,10,23,2
"1276",1,0,1,0.665466688283284,2,4,8,28,2
"1277",0,0,1,0.489766651884715,2,4,8,22,1
"1278",1,0,1,0.489766651884715,3,3,11,22,1
"1279",0,0,1,0.548066697978973,2,3,7,23,2
"1280",1,0,0,0.548066697978973,1,2,2,23,2
"1281",0,0,1,0.537000003655752,4,4,16,14,2
"1282",0,0,0,0.665466688283284,2,4,8,28,2
"1283",0,0,1,0.594033358287811,1,2,2,44,3
"1284",1,0,1,0.566633343823751,3,2,10,7,1
"1285",0,0,1,0.52436664425532,2,2,6,33,1
"1286",1,0,1,0.603233325068156,1,2,2,37,3
"1287",1,0,1,0.581833334445953,1,3,3,15,2
"1288",0,0,1,0.552200000635783,4,1,13,36,2
"1289",1,0,1,0.584099987602234,3,2,10,19,3
"1290",1,0,1,0.524800026067098,1,4,4,16,2
"1291",1,0,0,0.52436664425532,2,1,5,33,1
"1292",0,0,1,0.543666702906291,3,3,11,5,4
"1293",1,0,0,0.543666702906291,4,3,15,5,4
"1294",1,0,1,0.554433295345306,1,2,2,48,4
"1295",1,0,0,0.552200000635783,3,1,9,36,2
"1296",1,0,0,0.543666702906291,4,1,13,5,4
"1297",1,1,1,0.572766618665059,3,2,10,41,3
"1298",1,0,1,0.548066697978973,4,2,14,23,2
"1299",1,0,1,0.692699998092651,3,2,10,45,4
"1300",0,0,0,0.594033358287811,2,2,6,44,3
"1301",1,0,0,0.552200000635783,3,4,12,36,2
"1302",1,0,1,0.613366670163472,4,2,14,3,4
"1303",1,0,1,0.543666702906291,2,3,7,5,4
"1304",1,0,1,0.543666702906291,3,2,10,5,4
"1305",1,0,1,0.613366670163472,4,3,15,3,4
"1306",0,0,0,0.547800015417735,2,4,8,32,4
"1307",0,1,0,0.537000003655752,1,4,4,14,2
"1308",NA,0,0,0.581833334445953,1,2,2,15,2
"1309",1,0,1,0.565133328723908,1,4,4,1,3
"1310",1,0,1,0.692699998092651,2,4,8,45,4
"1311",1,0,0,0.527833360989889,4,3,15,50,2
"1312",1,0,0,0.533566686375936,1,2,2,26,2
"1313",1,0,1,0.608066638533274,4,3,15,47,3
"1314",0,1,1,0.152999997138977,2,3,7,9,5
"1315",0,0,1,0.543666702906291,1,2,2,5,4
"1316",0,0,0,0.52436664425532,1,4,4,33,1
"1317",0,0,1,0.594033358287811,2,2,6,44,3
"1318",0,0,0,0.613366670163472,1,2,2,3,4
"1319",0,0,1,0.548066697978973,3,3,11,23,2
"1320",1,0,1,0.665466688283284,1,3,3,28,2
"1321",0,1,1,0.533566686375936,3,2,10,26,2
"1322",0,0,1,0.613366670163472,3,4,12,3,4
"1323",0,0,0,0.543666702906291,2,4,8,5,4
"1324",1,0,0,0.608066638533274,2,3,7,47,3
"1325",1,0,1,0.505500021378199,2,2,6,24,2
"1326",1,0,1,0.548066697978973,1,1,1,23,2
"1327",1,0,1,0.543666702906291,2,4,8,5,4
"1328",1,0,1,0.543666702906291,1,4,4,5,4
"1329",1,0,1,0.524800026067098,3,3,11,16,2
"1330",1,0,1,0.554433295345306,4,4,16,48,4
"1331",1,0,0,0.552200000635783,2,4,8,36,2
"1332",1,0,1,0.526566670163472,2,4,8,39,1
"1333",0,0,0,0.554433295345306,2,2,6,48,4
"1334",0,0,1,0.61163329073588,1,4,4,10,3
"1335",1,0,0,0.52436664425532,3,1,9,33,1
"1336",0,0,1,0.61163329073588,4,3,15,10,3
"1337",1,0,1,0.61163329073588,1,2,2,10,3
"1338",1,0,1,0.548066697978973,1,2,2,23,2
"1339",1,0,1,0.565133328723908,2,2,6,1,3
"1340",1,0,0,0.570766682402293,2,3,7,27,4
"1341",0,0,0,0.581833334445953,3,2,10,15,2
"1342",1,0,0,0.548066697978973,3,2,10,23,2
"1343",0,1,1,0.552200000635783,1,4,4,36,2
"1344",1,0,1,0.581833334445953,2,2,6,15,2
"1345",0,0,0,0.584566701952616,2,4,8,6,4
"1346",0,0,0,0.543666702906291,1,1,1,5,4
"1347",0,0,0,0.526566670163472,4,1,13,39,1
"1348",NA,0,0,0.61163329073588,4,2,14,10,3
"1349",1,0,1,0.52436664425532,3,2,10,33,1
"1350",1,0,0,0.692699998092651,1,4,4,45,4
"1351",1,0,0,0.543666702906291,2,4,8,5,4
"1352",1,0,0,0.543666702906291,2,2,6,5,4
"1353",1,0,0,0.584566701952616,1,2,2,6,4
"1354",0,0,1,0.537000003655752,3,3,11,14,2
"1355",0,0,0,0.527833360989889,2,2,6,50,2
"1356",0,0,0,0.552200000635783,2,3,7,36,2
"1357",0,0,1,0.543666702906291,3,2,10,5,4
"1358",1,0,1,0.52436664425532,1,4,4,33,1
"1359",1,0,1,0.582999997297923,3,4,12,25,3
"1360",1,0,0,0.543666702906291,1,4,4,5,4
"1361",0,0,1,0.584566701952616,3,2,10,6,4
"1362",1,0,0,0.534600032583872,3,2,10,8,1
"1363",1,0,1,0.554300017801921,3,3,11,43,3
"1364",0,0,0,0.564166665871938,1,2,2,31,1
"1365",0,0,0,0.489766651884715,2,4,8,22,1
"1366",1,0,1,0.52436664425532,3,3,11,33,1
"1367",0,0,0,0.505500021378199,2,3,7,24,2
"1368",0,1,1,0.501166654507319,2,4,8,21,1
"1369",0,0,0,0.543666702906291,4,4,16,5,4
"1370",0,0,1,0.572766618665059,4,1,13,41,3
"1371",0,0,0,0.554433295345306,2,2,6,48,4
"1372",1,0,0,0.61163329073588,3,4,12,10,3
"1373",0,0,1,0.543666702906291,2,3,7,5,4
"1374",1,0,0,0.493566658401489,2,2,6,49,1
"1375",1,0,1,0.543666702906291,1,3,3,5,4
"1376",1,0,1,0.594033358287811,3,1,9,44,3
"1377",1,1,1,0.543666702906291,1,2,2,5,4
"1378",1,0,1,0.594033358287811,1,3,3,44,3
"1379",1,0,1,0.523033343982697,1,4,4,11,3
"1380",1,0,1,0.526566670163472,4,2,14,39,1
"1381",0,0,0,0.52436664425532,1,3,3,33,1
"1382",0,0,1,0.581833334445953,1,1,1,15,2
"1383",0,0,1,0.505500021378199,1,3,3,24,2
"1384",1,0,0,0.505500021378199,2,4,8,24,2
"1385",1,0,0,0.549599981244405,1,2,2,20,1
"1386",0,0,1,0.594033358287811,3,4,12,44,3
"1387",0,0,0,0.52436664425532,4,1,13,33,1
"1388",0,0,1,0.547800015417735,2,1,5,32,4
"1389",1,0,0,0.543666702906291,1,1,1,5,4
"1390",1,0,0,0.52436664425532,1,2,2,33,1
"1391",1,0,0,0.594033358287811,2,4,8,44,3
"1392",0,0,1,0.548066697978973,3,2,10,23,2
"1393",0,0,1,0.52436664425532,2,4,8,33,1
"1394",1,0,1,0.544333343505859,4,4,16,38,4
"1395",1,0,0,0.543666702906291,3,4,12,5,4
"1396",0,0,1,0.602099974091848,2,2,6,17,2
"1397",1,0,1,0.584099987602234,2,2,6,19,3
"1398",1,0,1,0.571833309491475,2,1,5,34,3
"1399",1,0,0,0.524800026067098,4,2,14,16,2
"1400",0,0,1,0.565133328723908,3,4,12,1,3
"1401",0,0,1,0.603233325068156,2,2,6,37,3
"1402",0,0,1,0.526566670163472,1,3,3,39,1
"1403",1,0,0,0.564166665871938,3,4,12,31,1
"1404",0,0,0,0.524800026067098,3,3,11,16,2
"1405",0,0,1,0.552200000635783,2,1,5,36,2
"1406",1,0,0,0.526566670163472,2,4,8,39,1
"1407",0,1,1,0.584099987602234,2,2,6,19,3
"1408",0,0,0,0.529166691144307,1,2,2,18,3
"1409",1,0,1,0.572766618665059,4,4,16,41,3
"1410",0,0,0,0.526566670163472,1,4,4,39,1
"1411",0,0,1,0.548066697978973,2,2,6,23,2
"1412",0,0,1,0.566633343823751,2,4,8,7,1
"1413",0,0,1,0.554433295345306,1,2,2,48,4
"1414",1,0,0,0.571833309491475,2,3,7,34,3
"1415",0,0,1,0.52436664425532,3,4,12,33,1
"1416",1,0,0,0.539733344459534,2,2,6,4,3
"1417",1,0,1,0.566633343823751,1,4,4,7,1
"1418",1,0,0,0.52436664425532,2,4,8,33,1
"1419",1,0,1,0.537000003655752,2,2,6,14,2
"1420",0,0,1,0.61163329073588,2,3,7,10,3
"1421",NA,0,1,0.548066697978973,1,2,2,23,2
"1422",1,0,1,0.594033358287811,4,4,16,44,3
"1423",1,0,1,0.554433295345306,4,3,15,48,4
"1424",0,0,0,0.537000003655752,3,4,12,14,2
"1425",1,0,1,0.543666702906291,2,4,8,5,4
"1426",0,0,1,0.657366662693024,2,2,6,13,4
"1427",1,0,0,0.554300017801921,3,4,12,43,3
"1428",1,0,0,0.526566670163472,4,2,14,39,1
"1429",0,0,1,0.547800015417735,3,2,10,32,4
"1430",1,0,1,0.608066638533274,1,3,3,47,3
"1431",1,0,0,0.552200000635783,2,2,6,36,2
"1432",0,0,0,0.52436664425532,1,4,4,33,1
"1433",1,0,1,0.632033331902822,2,2,6,30,1
"1434",1,0,0,0.529166691144307,1,3,3,18,3
"1435",1,0,0,0.52436664425532,1,2,2,33,1
"1436",1,0,0,0.533566686375936,3,3,11,26,2
"1437",1,0,1,0.543666702906291,1,2,2,5,4
"1438",0,1,1,0.543666702906291,2,4,8,5,4
"1439",0,0,1,0.489766651884715,4,3,15,22,1
"1440",0,0,1,0.549599981244405,1,4,4,20,1
"1441",1,0,0,0.548066697978973,2,4,8,23,2
"1442",0,0,0,0.537000003655752,2,3,7,14,2
"1443",1,0,1,0.537000003655752,2,2,6,14,2
"1444",0,0,0,0.608066638533274,1,4,4,47,3
"1445",0,0,1,0.552200000635783,1,2,2,36,2
"1446",1,0,1,0.552200000635783,2,3,7,36,2
"1447",1,0,1,0.582999997297923,2,4,8,25,3
"1448",1,0,0,0.594033358287811,4,1,13,44,3
"1449",0,0,1,0.537000003655752,4,2,14,14,2
"1450",0,0,1,0.526566670163472,1,2,2,39,1
"1451",0,0,1,0.52436664425532,1,4,4,33,1
"1452",0,0,1,0.544333343505859,2,2,6,38,4
"1453",0,0,1,0.524800026067098,3,1,9,16,2
"1454",0,0,0,0.554433295345306,3,3,11,48,4
"1455",1,0,1,0.527833360989889,1,2,2,50,2
"1456",1,0,1,0.526566670163472,3,2,10,39,1
"1457",0,0,1,0.52436664425532,2,2,6,33,1
"1458",0,0,1,0.527833360989889,2,2,6,50,2
"1459",1,0,0,0.571833309491475,3,2,10,34,3
"1460",1,0,1,0.548066697978973,2,3,7,23,2
"1461",1,0,0,0.533566686375936,1,2,2,26,2
"1462",0,0,1,0.584566701952616,1,4,4,6,4
"1463",1,0,0,0.581833334445953,1,3,3,15,2
"1464",0,0,0,0.537000003655752,3,4,12,14,2
"1465",0,0,1,0.564166665871938,2,4,8,31,1
"1466",0,0,1,0.61163329073588,3,3,11,10,3
"1467",1,0,1,0.523033343982697,3,2,10,11,3
"1468",0,0,1,0.552200000635783,2,3,7,36,2
"1469",0,0,1,0.52436664425532,4,4,16,33,1
"1470",0,0,1,0.533566686375936,3,2,10,26,2
"1471",0,1,0,0.552200000635783,4,1,13,36,2
"1472",1,0,1,0.543666702906291,2,3,7,5,4
"1473",1,0,1,0.61163329073588,2,2,6,10,3
"1474",1,0,1,0.613366670163472,3,4,12,3,4
"1475",0,0,1,0.599733334604899,2,2,6,42,2
"1476",0,1,0,0.61163329073588,3,2,10,10,3
"1477",1,0,1,0.581833334445953,2,4,8,15,2
"1478",1,0,0,0.572766618665059,3,4,12,41,3
"1479",1,0,1,0.665466688283284,4,2,14,28,2
"1480",0,0,0,0.489766651884715,2,4,8,22,1
"1481",1,0,0,0.613366670163472,3,2,10,3,4
"1482",1,0,1,0.552200000635783,3,4,12,36,2
"1483",1,0,1,0.501166654507319,1,2,2,21,1
"1484",1,0,0,0.554300017801921,3,2,10,43,3
"1485",1,0,1,0.526566670163472,2,2,6,39,1
"1486",0,0,1,0.534600032583872,3,3,11,8,1
"1487",1,0,1,0.543666702906291,2,2,6,5,4
"1488",0,0,1,0.524800026067098,1,2,2,16,2
"1489",0,0,0,0.505500021378199,3,2,10,24,2
"1490",0,0,1,0.571833309491475,1,3,3,34,3
"1491",0,0,1,0.552200000635783,1,2,2,36,2
"1492",0,0,1,0.61163329073588,4,2,14,10,3
"1493",0,0,1,0.505500021378199,2,4,8,24,2
"1494",1,0,1,0.554433295345306,1,4,4,48,4
"1495",0,0,1,0.543666702906291,2,4,8,5,4
"1496",0,0,1,0.505500021378199,1,2,2,24,2
"1497",0,0,1,0.584566701952616,1,2,2,6,4
"1498",1,0,1,0.52436664425532,2,1,5,33,1
"1499",0,0,0,0.61163329073588,2,4,8,10,3
"1500",1,0,0,0.613366670163472,4,4,16,3,4
"1501",0,0,0,0.543666702906291,2,4,8,5,4
"1502",1,0,0,0.614366671593984,2,3,7,35,2
"1503",1,0,1,0.581833334445953,3,4,12,15,2
"1504",1,0,0,0.543666702906291,1,4,4,5,4
"1505",1,0,1,0.543666702906291,2,1,5,5,4
"1506",0,0,1,0.570766682402293,2,2,6,27,4
"1507",1,0,0,0.493566658401489,1,2,2,49,1
"1508",NA,0,0,0.543666702906291,4,4,16,5,4
"1509",1,0,0,0.533566686375936,2,4,8,26,2
"1510",1,0,1,0.543666702906291,1,4,4,5,4
"1511",1,0,0,0.554433295345306,2,3,7,48,4
"1512",0,0,0,0.665466688283284,4,2,14,28,2
"1513",1,0,1,0.543666702906291,2,3,7,5,4
"1514",1,0,1,0.543666702906291,2,4,8,5,4
"1515",1,0,0,0.602099974091848,1,3,3,17,2
"1516",1,0,0,0.554433295345306,1,3,3,48,4
"1517",0,0,1,0.537000003655752,3,2,10,14,2
"1518",1,0,0,0.554433295345306,2,2,6,48,4
"1519",0,0,0,0.52436664425532,2,4,8,33,1
"1520",NA,0,0,0.544333343505859,3,2,10,38,4
"1521",0,0,1,0.665466688283284,2,4,8,28,2
"1522",0,0,0,0.543666702906291,1,2,2,5,4
"1523",1,0,1,0.543666702906291,3,2,10,5,4
"1524",1,0,1,0.554433295345306,2,3,7,48,4
"1525",0,0,1,0.543666702906291,1,2,2,5,4
"1526",0,0,1,0.543666702906291,1,3,3,5,4
"1527",0,0,0,0.599733334604899,2,2,6,42,2
"1528",0,0,0,0.543666702906291,4,1,13,5,4
"1529",0,0,1,0.543666702906291,4,1,13,5,4
"1530",0,0,0,0.554433295345306,1,3,3,48,4
"1531",0,0,0,0.527833360989889,1,2,2,50,2
"1532",0,0,0,0.543666702906291,3,3,11,5,4
"1533",0,0,0,0.543666702906291,2,4,8,5,4
"1534",0,0,1,0.547800015417735,2,4,8,32,4
"1535",1,0,0,0.543666702906291,2,4,8,5,4
"1536",0,0,1,0.554433295345306,3,2,10,48,4
"1537",0,1,0,0.543666702906291,2,2,6,5,4
"1538",1,0,1,0.547800015417735,3,4,12,32,4
"1539",1,0,0,0.613366670163472,1,4,4,3,4
"1540",1,0,1,0.547800015417735,3,4,12,32,4
"1541",0,0,0,0.523033343982697,1,3,3,11,3
"1542",0,1,0,0.565133328723908,2,2,6,1,3
"1543",0,1,1,0.594033358287811,3,2,10,44,3
"1544",NA,0,1,0.52436664425532,3,1,9,33,1
"1545",1,0,0,0.565133328723908,3,3,11,1,3
"1546",1,1,1,0.581833334445953,1,2,2,15,2
"1547",1,0,1,0.581833334445953,1,3,3,15,2
"1548",1,0,1,0.571833309491475,4,1,13,34,3
"1549",0,0,1,0.554433295345306,4,2,14,48,4
"1550",0,0,0,0.526566670163472,2,4,8,39,1
"1551",0,0,1,0.602099974091848,1,2,2,17,2
"1552",1,0,1,0.552200000635783,2,3,7,36,2
"1553",1,0,1,0.537000003655752,3,1,9,14,2
"1554",1,0,1,0.581833334445953,4,2,14,15,2
"1555",1,0,1,0.594033358287811,2,1,5,44,3
"1556",0,0,0,0.61163329073588,3,4,12,10,3
"1557",0,0,1,0.543666702906291,3,2,10,5,4
"1558",1,0,1,0.564166665871938,4,1,13,31,1
"1559",1,0,1,0.552200000635783,1,4,4,36,2
"1560",0,1,0,0.537000003655752,3,2,10,14,2
"1561",0,0,1,0.52436664425532,1,3,3,33,1
"1562",0,1,1,0.584099987602234,2,3,7,19,3
"1563",0,0,0,0.552200000635783,2,2,6,36,2
"1564",NA,0,1,0.572766618665059,4,4,16,41,3
"1565",0,0,1,0.61163329073588,2,4,8,10,3
"1566",0,0,1,0.566633343823751,2,4,8,7,1
"1567",0,1,0,0.554300017801921,1,2,2,43,3
"1568",0,0,0,0.594033358287811,3,1,9,44,3
"1569",0,0,1,0.547800015417735,2,2,6,32,4
"1570",0,0,0,0.594033358287811,3,2,10,44,3
"1571",0,1,1,0.594033358287811,1,4,4,44,3
"1572",0,0,1,0.523033343982697,2,2,6,11,3
"1573",0,0,1,0.543666702906291,2,2,6,5,4
"1574",0,0,0,0.61163329073588,4,4,16,10,3
"1575",0,0,0,0.543666702906291,2,2,6,5,4
"1576",0,0,0,0.543666702906291,2,2,6,5,4
"1577",0,0,1,0.543666702906291,1,2,2,5,4
"1578",0,0,0,0.548066697978973,1,3,3,23,2
"1579",0,0,0,0.501166654507319,2,1,5,21,1
"1580",0,1,1,0.548066697978973,1,2,2,23,2
"1581",0,0,1,0.543666702906291,1,1,1,5,4
"1582",0,0,0,0.537000003655752,4,1,13,14,2
"1583",0,0,0,0.571833309491475,3,1,9,34,3
"1584",0,0,1,0.564166665871938,1,2,2,31,1
"1585",0,0,1,0.564166665871938,2,2,6,31,1
"1586",0,0,1,0.543666702906291,2,1,5,5,4
"1587",0,0,1,0.602099974091848,1,4,4,17,2
"1588",0,0,1,0.543666702906291,1,1,1,5,4
"1589",0,0,0,0.526566670163472,3,4,12,39,1
"1590",0,0,0,0.61163329073588,2,4,8,10,3
"1591",1,0,1,0.565133328723908,2,3,7,1,3
"1592",0,0,0,0.489766651884715,4,2,14,22,1
"1593",0,0,1,0.52436664425532,4,1,13,33,1
"1594",NA,0,1,0.554433295345306,4,1,13,48,4
"1595",NA,0,1,0.571833309491475,4,4,16,34,3
"1596",0,0,1,0.665466688283284,4,1,13,28,2
"1597",1,0,1,0.526566670163472,3,2,10,39,1
"1598",1,0,1,0.566633343823751,4,4,16,7,1
"1599",1,1,1,0.565133328723908,1,2,2,1,3
"1600",1,0,1,0.554300017801921,2,2,6,43,3
"1601",1,0,0,0.552200000635783,3,4,12,36,2
"1602",1,0,0,0.614366671593984,2,3,7,35,2
"1603",1,0,0,0.613366670163472,2,3,7,3,4
"1604",0,0,1,0.61163329073588,2,3,7,10,3
"1605",1,0,0,0.554433295345306,3,4,12,48,4
"1606",1,0,0,0.52436664425532,3,4,12,33,1
"1607",1,0,1,0.554433295345306,1,2,2,48,4
"1608",1,0,1,0.537000003655752,2,3,7,14,2
"1609",1,0,0,0.581833334445953,4,1,13,15,2
"1610",NA,0,1,0.554300017801921,2,2,6,43,3
"1611",NA,0,0,0.526566670163472,4,2,14,39,1
"1612",1,0,0,0.594033358287811,2,2,6,44,3
"1613",1,0,0,0.526566670163472,1,4,4,39,1
"1614",1,0,0,0.581833334445953,3,4,12,15,2
"1615",0,0,1,0.594033358287811,2,4,8,44,3
"1616",NA,0,1,0.537000003655752,4,1,13,14,2
"1617",0,1,1,0.584099987602234,3,3,11,19,3
"1618",NA,0,1,0.61163329073588,4,2,14,10,3
"1619",0,1,1,0.52436664425532,1,2,2,33,1
"1620",0,0,1,0.543666702906291,2,2,6,5,4
"1621",0,0,0,0.594033358287811,2,3,7,44,3
"1622",1,0,1,0.594033358287811,2,4,8,44,3
"1623",1,0,0,0.548066697978973,2,4,8,23,2
"1624",1,0,0,0.543666702906291,3,4,12,5,4
"1625",0,0,0,0.543666702906291,2,3,7,5,4
"1626",0,0,1,0.582999997297923,4,1,13,25,3
"1627",0,0,0,0.52436664425532,3,2,10,33,1
"1628",0,0,0,0.543666702906291,1,2,2,5,4
"1629",1,0,1,0.594033358287811,3,1,9,44,3
"1630",1,0,1,0.582999997297923,3,2,10,25,3
"1631",1,0,1,0.61163329073588,4,3,15,10,3
"1632",1,0,0,0.582999997297923,3,1,9,25,3
"1633",1,0,0,0.594033358287811,3,4,12,44,3
"1634",1,0,1,0.544333343505859,4,1,13,38,4
"1635",1,0,0,0.527833360989889,4,3,15,50,2
"1636",1,0,0,0.543666702906291,2,2,6,5,4
"1637",1,0,0,0.552200000635783,3,1,9,36,2
"1638",1,0,0,0.581833334445953,2,3,7,15,2
"1639",1,0,1,0.554433295345306,2,4,8,48,4
"1640",1,0,1,0.61163329073588,4,4,16,10,3
"1641",0,0,1,0.493566658401489,4,2,14,49,1
"1642",1,0,1,0.543666702906291,3,3,11,5,4
"1643",1,0,0,0.613366670163472,4,2,14,3,4
"1644",0,0,0,0.571833309491475,4,2,14,34,3
"1645",1,0,0,0.527833360989889,4,3,15,50,2
"1646",1,0,1,0.594033358287811,2,4,8,44,3
"1647",1,0,1,0.537000003655752,2,1,5,14,2
"1648",1,0,1,0.582999997297923,4,4,16,25,3
"1649",1,0,1,0.543666702906291,3,4,12,5,4
"1650",1,0,0,0.608066638533274,3,3,11,47,3
"1651",NA,1,1,0.152999997138977,1,2,2,9,5
"1652",NA,0,1,0.665466688283284,1,2,2,28,2
"1653",NA,0,1,0.584099987602234,2,1,5,19,3
"1654",NA,0,0,0.52436664425532,1,3,3,33,1
"1655",NA,0,0,0.526566670163472,1,1,1,39,1
"1656",NA,0,0,0.489766651884715,2,4,8,22,1
"1657",NA,0,1,0.566633343823751,1,2,2,7,1
"1658",NA,0,1,0.564166665871938,4,1,13,31,1
"1659",NA,0,0,0.523033343982697,3,1,9,11,3
"1660",NA,1,1,0.529166691144307,2,2,6,18,3
"1661",NA,1,0,0.584099987602234,1,1,1,19,3
"1662",NA,0,1,0.52436664425532,3,2,10,33,1
"1663",NA,0,1,0.564166665871938,2,2,6,31,1
"1664",0,0,1,0.526566670163472,2,2,6,39,1
"1665",0,0,1,0.526566670163472,2,4,8,39,1
"1666",1,0,1,0.571833309491475,3,4,12,34,3
"1667",0,0,1,0.594033358287811,4,4,16,44,3
"1668",1,0,1,0.594033358287811,2,3,7,44,3
"1669",1,0,0,0.549599981244405,2,1,5,20,1
"1670",0,0,1,0.547800015417735,1,3,3,32,4
"1671",0,1,1,0.594033358287811,2,1,5,44,3
"1672",0,0,0,0.554433295345306,4,3,15,48,4
"1673",0,0,1,0.608066638533274,2,1,5,47,3
"1674",1,0,1,0.608066638533274,1,1,1,47,3
"1675",1,0,1,0.523033343982697,1,2,2,11,3
"1676",1,0,1,0.594033358287811,2,2,6,44,3
"1677",1,0,1,0.539733344459534,3,4,12,4,3
"1678",0,0,0,0.549599981244405,4,3,15,20,1
"1679",0,0,1,0.52436664425532,2,2,6,33,1
"1680",0,0,1,0.526566670163472,2,2,6,39,1
"1681",0,0,0,0.526566670163472,2,4,8,39,1
"1682",0,0,1,0.564166665871938,1,2,2,31,1
"1683",0,0,0,0.549599981244405,3,2,10,20,1
"1684",1,0,0,0.52436664425532,4,4,16,33,1
"1685",1,0,1,0.564166665871938,1,3,3,31,1
"1686",0,0,1,0.52436664425532,2,3,7,33,1
"1687",0,0,1,0.52436664425532,1,2,2,33,1
"1688",0,0,1,0.526566670163472,3,2,10,39,1
"1689",NA,0,1,0.526566670163472,4,3,15,39,1
"1690",0,0,1,0.52436664425532,3,1,9,33,1
"1691",0,0,0,0.526566670163472,1,2,2,39,1
"1692",0,1,0,0.52436664425532,2,4,8,33,1
"1693",0,0,0,0.526566670163472,3,2,10,39,1
"1694",0,0,1,0.564166665871938,2,4,8,31,1
"1695",0,0,1,0.526566670163472,2,3,7,39,1
"1696",0,0,0,0.564166665871938,4,2,14,31,1
"1697",0,0,1,0.489766651884715,4,1,13,22,1
"1698",0,1,0,0.566633343823751,1,1,1,7,1
"1699",0,0,1,0.52436664425532,2,2,6,33,1
"1700",1,0,1,0.61163329073588,4,3,15,10,3
"1701",1,0,1,0.52436664425532,2,2,6,33,1
"1702",0,1,0,0.52436664425532,3,1,9,33,1
"1703",0,0,1,0.526566670163472,2,2,6,39,1
"1704",0,0,1,0.52436664425532,3,2,10,33,1
"1705",0,0,1,0.526566670163472,2,3,7,39,1
"1706",1,0,0,0.559299989509582,3,1,9,46,1
"1707",0,1,0,0.52436664425532,1,2,2,33,1
"1708",0,0,0,0.52436664425532,4,4,16,33,1
"1709",1,0,1,0.602099974091848,4,4,16,17,2
"1710",1,0,1,0.52436664425532,3,2,10,33,1
"1711",1,0,1,0.526566670163472,4,4,16,39,1
"1712",1,0,0,0.529166691144307,2,2,6,18,3
"1713",1,0,1,0.564166665871938,1,2,2,31,1
"1714",1,0,0,0.564166665871938,1,3,3,31,1
"1715",1,0,1,0.566633343823751,3,3,11,7,1
"1716",0,0,0,0.526566670163472,4,1,13,39,1
"1717",0,0,0,0.526566670163472,4,1,13,39,1
"1718",0,0,1,0.52436664425532,2,4,8,33,1
"1719",0,1,1,0.52436664425532,4,3,15,33,1
"1720",1,0,0,0.61163329073588,2,3,7,10,3
"1721",1,0,1,0.552200000635783,4,2,14,36,2
"1722",0,0,1,0.564166665871938,4,1,13,31,1
"1723",1,0,0,0.526566670163472,4,3,15,39,1
"1724",NA,0,0,0.584099987602234,2,3,7,19,3
"1725",1,0,1,0.505500021378199,2,4,8,24,2
"1726",NA,0,1,0.548066697978973,1,2,2,23,2
"1727",0,0,1,0.566633343823751,2,4,8,7,1
"1728",0,0,1,0.505500021378199,1,2,2,24,2
"1729",1,0,1,0.526566670163472,3,4,12,39,1
"1730",1,0,0,0.608066638533274,2,3,7,47,3
"1731",1,0,1,0.537000003655752,2,4,8,14,2
"1732",1,0,0,0.548066697978973,2,3,7,23,2
"1733",1,0,1,0.599733334604899,2,2,6,42,2
"1734",0,0,0,0.505500021378199,4,3,15,24,2
"1735",0,0,0,0.548066697978973,2,4,8,23,2
"1736",0,0,0,0.527833360989889,4,2,14,50,2
"1737",1,0,1,0.526566670163472,1,2,2,39,1
"1738",0,0,1,0.552200000635783,2,4,8,36,2
"1739",1,0,1,0.548066697978973,3,2,10,23,2
"1740",1,0,1,0.526566670163472,1,3,3,39,1
"1741",1,0,1,0.566633343823751,2,2,6,7,1
"1742",1,0,1,0.571833309491475,3,3,11,34,3
"1743",1,0,0,0.52436664425532,2,4,8,33,1
"1744",1,0,1,0.548066697978973,2,2,6,23,2
"1745",1,0,1,0.548066697978973,2,2,6,23,2
"1746",0,0,1,0.505500021378199,2,4,8,24,2
"1747",1,0,1,0.61163329073588,1,3,3,10,3
"1748",1,0,0,0.537000003655752,2,4,8,14,2
"1749",0,0,1,0.594033358287811,2,2,6,44,3
"1750",0,0,1,0.552200000635783,4,1,13,36,2
"1751",0,0,0,0.564166665871938,1,2,2,31,1
"1752",0,1,1,0.537000003655752,1,3,3,14,2
"1753",1,0,1,0.537000003655752,1,4,4,14,2
"1754",1,0,0,0.571833309491475,1,2,2,34,3
"1755",1,0,1,0.571833309491475,1,2,2,34,3
"1756",1,0,1,0.552200000635783,3,2,10,36,2
"1757",0,0,0,0.527833360989889,3,3,11,50,2
"1758",1,0,0,0.526566670163472,2,2,6,39,1
"1759",1,0,1,0.505500021378199,2,4,8,24,2
"1760",1,0,1,0.548066697978973,1,2,2,23,2
"1761",0,0,1,0.533566686375936,4,2,14,26,2
"1762",1,0,0,0.527833360989889,2,3,7,50,2
"1763",1,0,1,0.523033343982697,2,1,5,11,3
"1764",1,0,1,0.602099974091848,2,3,7,17,2
"1765",1,0,1,0.533566686375936,2,2,6,26,2
"1766",1,0,0,0.552200000635783,2,2,6,36,2
"1767",1,0,1,0.548066697978973,1,2,2,23,2
"1768",0,0,0,0.537000003655752,3,4,12,14,2
"1769",1,0,1,0.581833334445953,3,1,9,15,2
"1770",1,0,1,0.61163329073588,1,3,3,10,3
"1771",0,0,1,0.566633343823751,2,3,7,7,1
"1772",0,0,0,0.548066697978973,2,3,7,23,2
"1773",0,1,1,0.527833360989889,1,2,2,50,2
"1774",NA,0,1,0.554300017801921,3,2,10,43,3
"1775",0,0,1,0.552200000635783,4,2,14,36,2
"1776",1,0,1,0.523033343982697,1,3,3,11,3
"1777",0,0,0,0.527833360989889,4,2,14,50,2
"1778",0,0,1,0.61163329073588,1,2,2,10,3
"1779",0,1,1,0.565133328723908,3,2,10,1,3
"1780",0,0,0,0.537000003655752,2,4,8,14,2
"1781",0,0,0,0.565133328723908,2,3,7,1,3
"1782",1,0,0,0.61163329073588,4,3,15,10,3
"1783",1,1,0,0.603233325068156,2,2,6,37,3
"1784",1,0,1,0.594033358287811,4,2,14,44,3
"1785",1,0,1,0.524800026067098,4,3,15,16,2
"1786",0,1,0,0.533566686375936,2,3,7,26,2
"1787",0,1,1,0.534600032583872,2,2,6,8,1
"1788",0,1,1,0.501166654507319,1,2,2,21,1
"1789",0,0,0,0.548066697978973,1,4,4,23,2
"1790",1,0,1,0.537000003655752,3,2,10,14,2
"1791",1,0,0,0.552200000635783,1,2,2,36,2
"1792",1,0,1,0.571833309491475,1,2,2,34,3
"1793",0,0,1,0.52436664425532,2,2,6,33,1
"1794",1,0,1,0.552200000635783,3,2,10,36,2
"1795",1,0,0,0.533566686375936,1,3,3,26,2
"1796",1,0,0,0.594033358287811,3,4,12,44,3
"1797",NA,0,1,0.565133328723908,3,4,12,1,3
"1798",1,0,0,0.552200000635783,2,3,7,36,2
"1799",1,0,0,0.61163329073588,2,4,8,10,3
"1800",1,0,0,0.61163329073588,2,3,7,10,3
"1801",1,0,1,0.61163329073588,2,3,7,10,3
"1802",1,0,1,0.537000003655752,3,2,10,14,2
"1803",1,0,1,0.527833360989889,2,2,6,50,2
"1804",1,0,0,0.529166691144307,2,2,6,18,3
"1805",1,0,1,0.571833309491475,2,2,6,34,3
"1806",1,0,0,0.537000003655752,3,2,10,14,2
"1807",1,0,1,0.527833360989889,1,3,3,50,2
"1808",1,0,1,0.52436664425532,2,4,8,33,1
"1809",1,0,1,0.526566670163472,1,3,3,39,1
"1810",NA,0,1,0.527833360989889,4,2,14,50,2
"1811",1,0,0,0.608066638533274,3,3,11,47,3
"1812",0,1,0,0.582999997297923,2,2,6,25,3
"1813",0,0,0,0.61163329073588,4,3,15,10,3
"1814",0,1,1,0.523033343982697,2,4,8,11,3
"1815",1,0,1,0.584099987602234,2,4,8,19,3
"1816",1,0,1,0.594033358287811,1,3,3,44,3
"1817",0,0,0,0.501166654507319,4,4,16,21,1
"1818",0,0,1,0.527833360989889,2,2,6,50,2
"1819",1,0,0,0.594033358287811,4,3,15,44,3
"1820",1,1,0,0.554300017801921,3,1,9,43,3
"1821",1,0,1,0.548066697978973,1,2,2,23,2
"1822",1,0,0,0.548066697978973,1,2,2,23,2
"1823",0,1,1,0.594033358287811,3,2,10,44,3
"1824",0,0,1,0.61163329073588,1,2,2,10,3
"1825",0,0,1,0.594033358287811,1,3,3,44,3
"1826",1,0,1,0.581833334445953,4,1,13,15,2
"1827",1,0,1,0.61163329073588,4,1,13,10,3
"1828",1,0,1,0.533566686375936,3,2,10,26,2
"1829",0,0,0,0.581833334445953,4,3,15,15,2
"1830",1,0,1,0.61163329073588,4,3,15,10,3
"1831",1,0,0,0.594033358287811,1,2,2,44,3
"1832",1,0,1,0.594033358287811,3,3,11,44,3
"1833",0,0,1,0.523033343982697,3,2,10,11,3
"1834",0,1,0,0.548066697978973,1,2,2,23,2
"1835",0,1,0,0.571833309491475,1,2,2,34,3
"1836",0,1,1,0.554300017801921,2,3,7,43,3
"1837",1,0,0,0.594033358287811,3,2,10,44,3
"1838",1,0,0,0.554300017801921,2,4,8,43,3
"1839",1,0,0,0.548066697978973,2,3,7,23,2
"1840",1,0,0,0.529166691144307,2,2,6,18,3
"1841",1,0,0,0.52436664425532,3,2,10,33,1
"1842",1,0,1,0.548066697978973,3,2,10,23,2
"1843",1,0,0,0.552200000635783,4,2,14,36,2
"1844",1,0,1,0.582999997297923,2,3,7,25,3
"1845",1,0,1,0.493566658401489,4,2,14,49,1
"1846",0,1,0,0.584099987602234,2,4,8,19,3
"1847",0,0,0,0.614366671593984,3,4,12,35,2
"1848",0,0,1,0.539733344459534,4,3,15,4,3
"1849",1,0,0,0.552200000635783,3,2,10,36,2
"1850",1,0,1,0.552200000635783,4,3,15,36,2
"1851",1,0,1,0.584099987602234,3,2,10,19,3
"1852",1,0,1,0.526566670163472,1,4,4,39,1
"1853",0,1,1,0.594033358287811,3,2,10,44,3
"1854",0,0,1,0.554300017801921,2,2,6,43,3
"1855",0,0,0,0.548066697978973,2,2,6,23,2
"1856",0,1,0,0.584099987602234,2,2,6,19,3
"1857",0,0,1,0.548066697978973,1,2,2,23,2
"1858",1,0,1,0.582999997297923,2,3,7,25,3
"1859",NA,1,0,0.523033343982697,3,2,10,11,3
"1860",1,0,0,0.554300017801921,3,4,12,43,3
"1861",1,0,1,0.608066638533274,2,3,7,47,3
"1862",NA,0,1,0.533566686375936,4,2,14,26,2
"1863",0,0,1,0.505500021378199,2,3,7,24,2
"1864",0,0,0,0.548066697978973,2,4,8,23,2
"1865",0,1,0,0.594033358287811,2,3,7,44,3
"1866",0,1,0,0.501166654507319,1,2,2,21,1
"1867",1,0,0,0.584099987602234,1,3,3,19,3
"1868",1,0,0,0.570766682402293,2,2,6,27,4
"1869",1,0,0,0.594033358287811,3,2,10,44,3
"1870",0,0,1,0.608066638533274,2,2,6,47,3
"1871",1,0,0,0.543666702906291,4,3,15,5,4
"1872",1,0,0,0.61163329073588,1,2,2,10,3
"1873",1,0,0,0.594033358287811,1,3,3,44,3
"1874",0,0,1,0.524800026067098,4,4,16,16,2
"1875",1,0,0,0.548066697978973,2,3,7,23,2
"1876",1,0,0,0.543666702906291,2,4,8,5,4
"1877",1,0,0,0.554433295345306,1,3,3,48,4
"1878",1,0,1,0.61163329073588,4,3,15,10,3
"1879",1,0,0,0.566633343823751,1,2,2,7,1
"1880",1,0,1,0.543666702906291,1,2,2,5,4
"1881",1,0,1,0.61163329073588,4,2,14,10,3
"1882",0,0,0,0.543666702906291,4,2,14,5,4
"1883",0,0,1,0.594033358287811,2,2,6,44,3
"1884",NA,0,1,0.594033358287811,4,1,13,44,3
"1885",0,0,1,0.505500021378199,2,2,6,24,2
"1886",1,0,1,0.602099974091848,1,2,2,17,2
"1887",0,0,0,0.537000003655752,2,3,7,14,2
"1888",0,1,1,0.554433295345306,2,3,7,48,4
"1889",1,0,0,0.584566701952616,3,3,11,6,4
"1890",1,0,0,0.692699998092651,1,3,3,45,4
"1891",1,0,0,0.61163329073588,3,2,10,10,3
"1892",1,0,0,0.529166691144307,3,1,9,18,3
"1893",1,0,1,0.552200000635783,4,3,15,36,2
"1894",0,0,1,0.543666702906291,3,2,10,5,4
"1895",0,0,1,0.554433295345306,4,2,14,48,4
"1896",1,0,1,0.548066697978973,3,4,12,23,2
"1897",0,0,1,0.602099974091848,4,1,13,17,2
"1898",0,0,1,0.584566701952616,3,2,10,6,4
"1899",0,0,0,0.543666702906291,3,3,11,5,4
"1900",0,0,1,0.505500021378199,3,3,11,24,2
"1901",NA,0,1,0.594033358287811,2,4,8,44,3
"1902",0,0,0,0.613366670163472,2,2,6,3,4
"1903",0,0,1,0.524800026067098,2,2,6,16,2
"1904",0,0,1,0.534600032583872,4,2,14,8,1
"1905",0,0,1,0.543666702906291,3,4,12,5,4
"1906",0,0,1,0.61163329073588,4,1,13,10,3
"1907",0,1,0,0.501166654507319,3,2,10,21,1
"1908",0,0,1,0.547800015417735,2,2,6,32,4
"1909",NA,0,0,0.613366670163472,2,4,8,3,4
"1910",1,0,1,0.543666702906291,1,1,1,5,4
"1911",0,0,1,0.594033358287811,1,4,4,44,3
"1912",1,0,1,0.543666702906291,2,4,8,5,4
"1913",1,0,1,0.61163329073588,2,4,8,10,3
"1914",1,0,1,0.547800015417735,2,3,7,32,4
"1915",1,0,1,0.543666702906291,1,2,2,5,4
"1916",1,0,1,0.493566658401489,4,4,16,49,1
"1917",0,0,0,0.581833334445953,2,2,6,15,2
"1918",0,0,1,0.527833360989889,3,2,10,50,2
"1919",1,0,1,0.543666702906291,2,3,7,5,4
"1920",1,0,1,0.523033343982697,2,4,8,11,3
"1921",1,0,1,0.565133328723908,4,1,13,1,3
"1922",0,0,0,0.527833360989889,1,1,1,50,2
"1923",NA,0,0,0.581833334445953,2,2,6,15,2
"1924",1,1,0,0.552200000635783,1,4,4,36,2
"1925",0,0,1,0.554433295345306,3,4,12,48,4
"1926",0,0,1,0.613366670163472,2,2,6,3,4
"1927",1,0,1,0.547800015417735,4,4,16,32,4
"1928",1,1,1,0.52436664425532,1,1,1,33,1
"1929",NA,0,0,0.564166665871938,1,3,3,31,1
"1930",1,1,0,0.61163329073588,2,2,6,10,3
"1931",1,0,1,0.554433295345306,1,1,1,48,4
"1932",0,0,0,0.544333343505859,2,2,6,38,4
"1933",1,0,0,0.584566701952616,2,4,8,6,4
"1934",NA,0,0,0.543666702906291,1,2,2,5,4
"1935",0,0,1,0.529166691144307,4,4,16,18,3
"1936",NA,0,1,0.544333343505859,4,2,14,38,4
"1937",0,0,0,0.526566670163472,2,2,6,39,1
"1938",0,0,1,0.544333343505859,1,2,2,38,4
"1939",0,0,0,0.52436664425532,3,1,9,33,1
"1940",0,0,1,0.547800015417735,1,1,1,32,4
"1941",0,0,0,0.543666702906291,1,1,1,5,4
"1942",0,0,1,0.52436664425532,1,2,2,33,1
"1943",0,0,1,0.539733344459534,1,2,2,4,3
"1944",1,0,1,0.581833334445953,3,2,10,15,2
"1945",1,0,1,0.548066697978973,1,4,4,23,2
"1946",0,0,1,0.543666702906291,1,4,4,5,4
"1947",0,0,0,0.505500021378199,3,4,12,24,2
"1948",0,0,0,0.548066697978973,1,4,4,23,2
"1949",0,0,1,0.526566670163472,3,2,10,39,1
"1950",0,0,1,0.527833360989889,4,4,16,50,2
"1951",1,0,1,0.533566686375936,3,2,10,26,2
"1952",1,0,0,0.548066697978973,3,4,12,23,2
"1953",NA,0,1,0.571833309491475,3,3,11,34,3
"1954",1,0,0,0.534600032583872,1,3,3,8,1
"1955",NA,0,0,0.52436664425532,1,4,4,33,1
"1956",NA,0,1,0.478700007629395,4,4,16,40,1
"1957",1,0,0,0.603833326975505,3,3,11,29,4
"1958",0,0,1,0.594033358287811,1,3,3,44,3
"1959",0,0,0,0.529166691144307,1,2,2,18,3
"1960",0,0,0,0.594033358287811,3,4,12,44,3
"1961",1,0,0,0.524800026067098,3,2,10,16,2
"1962",0,0,0,0.581833334445953,2,2,6,15,2
"1963",NA,0,1,0.552200000635783,2,4,8,36,2
"1964",1,0,0,0.527833360989889,2,3,7,50,2
"1965",1,1,1,0.52436664425532,3,3,11,33,1
"1966",1,0,1,0.608066638533274,2,3,7,47,3
"1967",1,0,0,0.552200000635783,1,4,4,36,2
"1968",1,0,1,0.52436664425532,1,3,3,33,1
"1969",1,0,1,0.608066638533274,2,4,8,47,3
"1970",1,0,1,0.594033358287811,3,2,10,44,3
"1971",1,0,1,0.584566701952616,1,3,3,6,4
"1972",1,1,0,0.564166665871938,1,3,3,31,1
"1973",1,0,1,0.537000003655752,4,1,13,14,2
"1974",1,0,0,0.543666702906291,4,1,13,5,4
"1975",1,0,1,0.564166665871938,1,2,2,31,1
"1976",NA,0,1,0.489766651884715,2,3,7,22,1
"1977",0,0,0,0.608066638533274,3,4,12,47,3
"1978",1,0,0,0.594033358287811,2,3,7,44,3
"1979",1,0,0,0.613366670163472,3,3,11,3,4
"1980",1,0,1,0.543666702906291,2,3,7,5,4
"1981",0,0,0,0.523033343982697,1,3,3,11,3
"1982",0,0,1,0.543666702906291,1,2,2,5,4
"1983",0,0,1,0.544333343505859,2,2,6,38,4
"1984",0,0,1,0.533566686375936,1,2,2,26,2
"1985",1,0,1,0.552200000635783,4,2,14,36,2
"1986",1,0,1,0.584566701952616,2,3,7,6,4
"1987",1,0,1,0.543666702906291,2,3,7,5,4
"1988",1,0,0,0.564166665871938,2,4,8,31,1
"1989",1,0,0,0.61163329073588,2,3,7,10,3
"1990",1,0,0,0.564166665871938,1,2,2,31,1
"1991",1,0,0,0.52436664425532,4,2,14,33,1
"1992",1,0,0,0.543666702906291,2,3,7,5,4
"1993",1,0,1,0.548066697978973,4,2,14,23,2
"1994",0,0,1,0.52436664425532,3,3,11,33,1
"1995",0,0,1,0.549599981244405,1,2,2,20,1
"1996",0,0,1,0.581833334445953,2,2,6,15,2
"1997",1,0,1,0.533566686375936,3,2,10,26,2
"1998",1,0,0,0.543666702906291,2,3,7,5,4
"1999",0,0,0,0.554433295345306,2,3,7,48,4
"2000",0,0,1,0.523033343982697,2,2,6,11,3
"2001",1,0,1,0.554300017801921,2,4,8,43,3
"2002",0,0,1,0.52436664425532,3,3,11,33,1
"2003",1,0,0,0.566633343823751,3,2,10,7,1
"2004",1,0,1,0.549599981244405,1,2,2,20,1
"2005",1,0,1,0.526566670163472,2,2,6,39,1
"2006",0,0,0,0.493566658401489,4,1,13,49,1
"2007",1,0,1,0.603833326975505,3,3,11,29,4
"2008",NA,0,0,0.489766651884715,4,2,14,22,1
"2009",0,0,1,0.526566670163472,3,1,9,39,1
"2010",1,0,1,0.543666702906291,1,3,3,5,4
"2011",0,0,1,0.613366670163472,2,3,7,3,4
"2012",0,0,1,0.524800026067098,1,2,2,16,2
"2013",1,0,1,0.554433295345306,3,3,11,48,4
"2014",0,1,1,0.543666702906291,2,2,6,5,4
"2015",1,0,1,0.489766651884715,4,2,14,22,1
"2016",1,0,1,0.566633343823751,1,4,4,7,1
"2017",1,0,1,0.572766618665059,1,3,3,41,3
"2018",1,0,1,0.61163329073588,2,4,8,10,3
"2019",1,0,1,0.566633343823751,2,3,7,7,1
"2020",0,0,1,0.61163329073588,2,3,7,10,3
"2021",0,0,0,0.552200000635783,2,2,6,36,2
"2022",0,0,0,0.52436664425532,2,2,6,33,1
"2023",1,0,0,0.526566670163472,2,4,8,39,1
"2024",1,0,1,0.564166665871938,2,2,6,31,1
"2025",1,0,1,0.527833360989889,1,2,2,50,2
"2026",0,0,1,0.533566686375936,3,4,12,26,2
"2027",0,1,1,0.548066697978973,3,4,12,23,2
"2028",1,0,0,0.564166665871938,2,3,7,31,1
"2029",0,0,1,0.493566658401489,2,3,7,49,1
"2030",0,0,0,0.533566686375936,2,2,6,26,2
"2031",1,0,1,0.594033358287811,4,4,16,44,3
"2032",NA,0,1,0.554300017801921,3,2,10,43,3
"2033",NA,0,1,0.529166691144307,1,3,3,18,3
"2034",NA,0,1,0.526566670163472,3,1,9,39,1
"2035",0,0,0,0.527833360989889,2,3,7,50,2
"2036",1,0,1,0.549599981244405,3,2,10,20,1
"2037",1,0,1,0.608066638533274,1,4,4,47,3
"2038",0,0,1,0.543666702906291,2,3,7,5,4
"2039",0,0,0,0.61163329073588,2,2,6,10,3
"2040",1,0,1,0.543666702906291,1,1,1,5,4
"2041",1,0,1,0.526566670163472,1,3,3,39,1
"2042",0,0,0,0.548066697978973,2,4,8,23,2
"2043",1,0,0,0.527833360989889,2,4,8,50,2
"2044",1,0,1,0.489766651884715,2,3,7,22,1
"2045",1,0,0,0.537000003655752,2,2,6,14,2
"2046",1,0,1,0.549599981244405,4,1,13,20,1
"2047",1,0,1,0.608066638533274,2,2,6,47,3
"2048",1,0,1,0.594033358287811,4,1,13,44,3
"2049",1,0,0,0.565133328723908,2,2,6,1,3
"2050",1,0,0,0.523033343982697,1,2,2,11,3
"2051",NA,0,1,0.594033358287811,2,2,6,44,3
"2052",1,0,1,0.543666702906291,1,3,3,5,4
"2053",1,0,1,0.548066697978973,1,3,3,23,2
"2054",1,0,0,0.554300017801921,3,2,10,43,3
"2055",1,0,1,0.526566670163472,3,2,10,39,1
"2056",1,0,0,0.594033358287811,2,2,6,44,3
"2057",1,0,0,0.608066638533274,3,1,9,47,3
"2058",0,0,0,0.571833309491475,2,4,8,34,3
"2059",1,0,0,0.548066697978973,2,3,7,23,2
"2060",1,0,1,0.608066638533274,4,3,15,47,3
"2061",1,0,1,0.581833334445953,2,2,6,15,2
"2062",0,0,1,0.52436664425532,1,3,3,33,1
"2063",0,0,0,0.526566670163472,2,4,8,39,1
"2064",1,0,1,0.547800015417735,3,2,10,32,4
"2065",0,0,0,0.543666702906291,1,2,2,5,4
"2066",0,0,1,0.52436664425532,2,1,5,33,1
"2067",1,0,1,0.584099987602234,2,3,7,19,3
"2068",1,0,1,0.603233325068156,3,4,12,37,3
"2069",1,0,1,0.523033343982697,2,2,6,11,3
"2070",0,1,0,0.548066697978973,2,2,6,23,2
"2071",0,0,0,0.529166691144307,2,1,5,18,3
"2072",1,0,1,0.61163329073588,2,4,8,10,3
"2073",1,0,1,0.543666702906291,1,2,2,5,4
"2074",1,0,0,0.543666702906291,2,4,8,5,4
"2075",1,1,0,0.493566658401489,1,2,2,49,1
"2076",1,0,1,0.548066697978973,4,1,13,23,2
"2077",1,0,1,0.692699998092651,4,2,14,45,4
"2078",0,0,1,0.554433295345306,3,2,10,48,4
"2079",0,0,1,0.581833334445953,1,2,2,15,2
"2080",0,0,0,0.599733334604899,2,2,6,42,2
"2081",1,0,0,0.526566670163472,3,3,11,39,1
"2082",1,0,0,0.501166654507319,3,3,11,21,1
"2083",0,0,0,0.61163329073588,3,4,12,10,3
"2084",1,0,0,0.61163329073588,2,2,6,10,3
"2085",0,1,1,0.584099987602234,2,2,6,19,3
"2086",0,0,1,0.566633343823751,2,4,8,7,1
"2087",0,0,1,0.526566670163472,2,2,6,39,1
"2088",1,0,0,0.52436664425532,2,3,7,33,1
"2089",1,0,0,0.552200000635783,3,4,12,36,2
"2090",0,0,1,0.603233325068156,3,3,11,37,3
"2091",1,0,1,0.602099974091848,2,4,8,17,2
"2092",1,0,0,0.602099974091848,2,4,8,17,2
"2093",1,0,1,0.52436664425532,2,2,6,33,1
"2094",1,0,0,0.603233325068156,3,4,12,37,3
"2095",1,0,1,0.613366670163472,3,2,10,3,4
"2096",1,0,1,0.61163329073588,4,1,13,10,3
"2097",0,0,0,0.501166654507319,1,3,3,21,1
"2098",0,0,1,0.571833309491475,3,2,10,34,3
"2099",0,1,1,0.537000003655752,2,4,8,14,2
"2100",0,0,1,0.581833334445953,3,1,9,15,2
"2101",1,0,1,0.489766651884715,2,4,8,22,1
"2102",1,0,0,0.665466688283284,1,3,3,28,2
"2103",1,0,1,0.552200000635783,2,3,7,36,2
"2104",NA,0,1,0.505500021378199,1,2,2,24,2
"2105",0,0,1,0.501166654507319,2,4,8,21,1
"2106",NA,0,0,0.564166665871938,2,3,7,31,1
"2107",NA,0,1,0.554300017801921,4,2,14,43,3
"2108",1,0,1,0.565133328723908,4,4,16,1,3
"2109",1,0,1,0.526566670163472,1,3,3,39,1
"2110",1,0,1,0.594033358287811,1,4,4,44,3
"2111",0,1,1,0.571833309491475,2,2,6,34,3
"2112",0,0,1,0.501166654507319,3,3,11,21,1
"2113",1,0,0,0.584566701952616,2,3,7,6,4
"2114",0,1,1,0.501166654507319,2,4,8,21,1
"2115",1,0,1,0.602099974091848,2,2,6,17,2
"2116",0,0,0,0.526566670163472,2,4,8,39,1
"2117",0,0,1,0.537000003655752,2,2,6,14,2
"2118",1,0,0,0.552200000635783,3,4,12,36,2
"2119",1,0,1,0.552200000635783,1,2,2,36,2
"2120",NA,0,1,0.584099987602234,4,2,14,19,3
"2121",NA,0,0,0.533566686375936,2,3,7,26,2
"2122",NA,0,1,0.554300017801921,1,2,2,43,3
"2123",1,0,0,0.543666702906291,3,2,10,5,4
"2124",1,0,1,0.537000003655752,1,2,2,14,2
"2125",1,0,1,0.552200000635783,1,3,3,36,2
"2126",1,0,1,0.543666702906291,1,3,3,5,4
"2127",1,0,1,0.505500021378199,2,4,8,24,2
"2128",1,0,0,0.582999997297923,1,4,4,25,3
"2129",0,0,0,0.594033358287811,1,3,3,44,3
"2130",0,1,1,0.537000003655752,2,3,7,14,2
"2131",0,0,1,0.537000003655752,2,3,7,14,2
"2132",1,0,1,0.613366670163472,3,2,10,3,4
"2133",1,0,1,0.581833334445953,3,2,10,15,2
"2134",1,0,1,0.543666702906291,2,2,6,5,4
"2135",1,0,1,0.565133328723908,3,2,10,1,3
"2136",1,1,0,0.565133328723908,1,2,2,1,3
"2137",1,0,1,0.594033358287811,2,4,8,44,3
"2138",1,0,0,0.582999997297923,2,2,6,25,3
"2139",1,0,1,0.524800026067098,2,4,8,16,2
"2140",0,0,1,0.537000003655752,1,4,4,14,2
"2141",0,0,1,0.570766682402293,3,3,11,27,4
"2142",1,0,1,0.582999997297923,2,4,8,25,3
"2143",1,0,0,0.554433295345306,3,3,11,48,4
"2144",1,0,0,0.527833360989889,1,1,1,50,2
"2145",1,0,1,0.539733344459534,3,2,10,4,3
"2146",1,0,1,0.537000003655752,1,1,1,14,2
"2147",0,0,1,0.533566686375936,2,4,8,26,2
"2148",0,0,1,0.584099987602234,2,2,6,19,3
"2149",0,0,0,0.533566686375936,4,1,13,26,2
"2150",1,0,0,0.565133328723908,1,2,2,1,3
"2151",1,0,0,0.582999997297923,2,4,8,25,3
"2152",1,0,0,0.554300017801921,2,1,5,43,3
"2153",0,0,1,0.594033358287811,3,2,10,44,3
"2154",NA,0,1,0.533566686375936,2,2,6,26,2
"2155",0,0,0,0.527833360989889,3,3,11,50,2
"2156",0,0,1,0.613366670163472,3,2,10,3,4
"2157",1,0,1,0.505500021378199,2,4,8,24,2
"2158",NA,0,1,0.554300017801921,3,4,12,43,3
"2159",1,0,0,0.594033358287811,3,4,12,44,3
"2160",1,0,0,0.565133328723908,2,2,6,1,3
"2161",1,0,1,0.537000003655752,3,3,11,14,2
"2162",1,0,1,0.543666702906291,3,2,10,5,4
"2163",1,0,1,0.543666702906291,1,2,2,5,4
"2164",1,0,0,0.692699998092651,4,3,15,45,4
"2165",1,0,0,0.633833340326945,2,3,7,51,4
"2166",1,0,1,0.543666702906291,3,3,11,5,4
"2167",1,0,1,0.692699998092651,2,2,6,45,4
"2168",1,0,0,0.554433295345306,2,3,7,48,4
"2169",1,0,0,0.543666702906291,2,4,8,5,4
"2170",1,0,0,0.613366670163472,4,4,16,3,4
"2171",0,0,1,0.570766682402293,2,2,6,27,4
"2172",0,0,1,0.543666702906291,3,2,10,5,4
"2173",0,0,1,0.544333343505859,2,4,8,38,4
"2174",1,0,1,0.543666702906291,3,4,12,5,4
"2175",0,0,0,0.543666702906291,3,1,9,5,4
"2176",1,0,0,0.543666702906291,4,2,14,5,4
"2177",1,0,1,0.543666702906291,2,3,7,5,4
"2178",NA,1,1,0.543666702906291,1,3,3,5,4
"2179",NA,0,1,0.554433295345306,2,2,6,48,4
"2180",NA,0,0,0.543666702906291,1,1,1,5,4
"2181",1,0,1,0.543666702906291,4,4,16,5,4
"2182",0,0,1,0.543666702906291,1,4,4,5,4
"2183",0,0,1,0.547800015417735,3,2,10,32,4
"2184",0,0,0,0.543666702906291,1,4,4,5,4
"2185",1,0,1,0.584566701952616,1,3,3,6,4
"2186",NA,0,0,0.543666702906291,2,2,6,5,4
"2187",1,0,0,0.603833326975505,1,4,4,29,4
"2188",0,0,1,0.543666702906291,2,3,7,5,4
"2189",1,0,1,0.613366670163472,3,2,10,3,4
"2190",1,0,1,0.543666702906291,1,3,3,5,4
"2191",0,0,0,0.543666702906291,2,2,6,5,4
"2192",0,1,1,0.543666702906291,3,3,11,5,4
"2193",NA,0,0,0.554433295345306,4,4,16,48,4
